Logging to: /workspace/rb4_temp/rb4_extract_20260408_214358.log
Started at 2026-04-08T21:43:58.075046
Full rebuild mode - clearing previous state...
Loaded empty songs baseline with 465 entries
Accessing PKGs via SMB...
Found 98 PKG files in /workspace/pkgs
Incremental mode: disabled
Processing 98 new PKGs...
[1/98] Fetching: UP8802-CUSA02084_00-ANGELSMXXXXX1155.pkg
[1/98] Processing: UP8802-CUSA02084_00-ANGELSMXXXXX1155.pkg
		[1/4] Extracting: UP8802-CUSA02084_00-ANGELSMXXXXX1155.pkg
		[2/4] Extracting PFS image...
		[3/4] Extracting song data from PFS...
			Extracting in parallel...
			Found 1 .songdta_ps4 files to process...
			[1/1] Processing angelsm.songdta_ps4...
			Done. Extracted 1 songs.
			Writing to /workspace/rb4_temp/metadata_UP8802-CUSA02084_00-ANGELSMXXXXX1155.json...
			Done!
		Extracted 1 songs
		[4/4] Cleaning up extraction files...
	✓ Done: UP8802-CUSA02084_00-ANGELSMXXXXX1155.pkg
	Cleaned up UP8802-CUSA02084_00-ANGELSMXXXXX1155.pkg to free space
Progress: 1% (1/98 PKGs) | Total songs: 1
[2/98] Fetching: UP8802-CUSA02084_00-BADCOMPANY000001.pkg
[2/98] Processing: UP8802-CUSA02084_00-BADCOMPANY000001.pkg
		[1/4] Extracting: UP8802-CUSA02084_00-BADCOMPANY000001.pkg
		[2/4] Extracting PFS image...
		[3/4] Extracting song data from PFS...
			Extracting in parallel...
			Found 4 .songdta_ps4 files to process...
			[1/4] Processing cu_badco_readyv4.songdta_ps4...
			[2/4] Processing cu_dahnflmlbadcomdoc69.songdta_ps4...
			[3/4] Processing cu_rocknrollfantasy_pv1.songdta_ps4...
			[4/4] Processing cu_badcomovinonv1.songdta_ps4...
			Done. Extracted 4 songs.
			Writing to /workspace/rb4_temp/metadata_UP8802-CUSA02084_00-BADCOMPANY000001.json...
			Done!
		Extracted 4 songs
		[4/4] Cleaning up extraction files...
	✓ Done: UP8802-CUSA02084_00-BADCOMPANY000001.pkg
	Cleaned up UP8802-CUSA02084_00-BADCOMPANY000001.pkg to free space
Progress: 2% (2/98 PKGs) | Total songs: 5
[3/98] Fetching: UP8802-CUSA02084_00-BADFINGER0000001.pkg
[3/98] Processing: UP8802-CUSA02084_00-BADFINGER0000001.pkg
		[1/4] Extracting: UP8802-CUSA02084_00-BADFINGER0000001.pkg
		[2/4] Extracting PFS image...
		[3/4] Extracting song data from PFS...
			Extracting in parallel...
			Found 1 .songdta_ps4 files to process...
			[1/1] Processing cu_badfingernomatterwhat.songdta_ps4...
			Done. Extracted 1 songs.
			Writing to /workspace/rb4_temp/metadata_UP8802-CUSA02084_00-BADFINGER0000001.json...
			Done!
		Extracted 1 songs
		[4/4] Cleaning up extraction files...
	✓ Done: UP8802-CUSA02084_00-BADFINGER0000001.pkg
	Cleaned up UP8802-CUSA02084_00-BADFINGER0000001.pkg to free space
Progress: 3% (3/98 PKGs) | Total songs: 6
[4/98] Fetching: UP8802-CUSA02084_00-BANGLES000000001.pkg
[4/98] Processing: UP8802-CUSA02084_00-BANGLES000000001.pkg
		[1/4] Extracting: UP8802-CUSA02084_00-BANGLES000000001.pkg
		[2/4] Extracting PFS image...
		[3/4] Extracting song data from PFS...
			Extracting in parallel...
			Found 4 .songdta_ps4 files to process...
			[1/4] Processing cu_banglesmanicmondayv4.songdta_ps4...
			[2/4] Processing cu_bangles_inyourroom.songdta_ps4...
			[3/4] Processing cu_bewithyou.songdta_ps4...
			[4/4] Processing cu_eternalflame.songdta_ps4...
			Done. Extracted 4 songs.
			Writing to /workspace/rb4_temp/metadata_UP8802-CUSA02084_00-BANGLES000000001.json...
			Done!
		Extracted 4 songs
		[4/4] Cleaning up extraction files...
	✓ Done: UP8802-CUSA02084_00-BANGLES000000001.pkg
	Cleaned up UP8802-CUSA02084_00-BANGLES000000001.pkg to free space
Progress: 4% (4/98 PKGs) | Total songs: 10
[5/98] Fetching: UP8802-CUSA02084_00-BARENAKEDLADIES1.pkg
[5/98] Processing: UP8802-CUSA02084_00-BARENAKEDLADIES1.pkg
		[1/4] Extracting: UP8802-CUSA02084_00-BARENAKEDLADIES1.pkg
		[2/4] Extracting PFS image...
		[3/4] Extracting song data from PFS...
			Extracting in parallel...
			Found 1 .songdta_ps4 files to process...
			[1/1] Processing cu_o487221252_onelittleslip_b.songdta_ps4...
			Done. Extracted 1 songs.
			Writing to /workspace/rb4_temp/metadata_UP8802-CUSA02084_00-BARENAKEDLADIES1.json...
			Done!
		Extracted 1 songs
		[4/4] Cleaning up extraction files...
	✓ Done: UP8802-CUSA02084_00-BARENAKEDLADIES1.pkg
	Cleaned up UP8802-CUSA02084_00-BARENAKEDLADIES1.pkg to free space
Progress: 5% (5/98 PKGs) | Total songs: 11
[6/98] Fetching: UP8802-CUSA02084_00-BATTLES000000001.pkg
[6/98] Processing: UP8802-CUSA02084_00-BATTLES000000001.pkg
		[1/4] Extracting: UP8802-CUSA02084_00-BATTLES000000001.pkg
		[2/4] Extracting PFS image...
		[3/4] Extracting song data from PFS...
			Extracting in parallel...
			Found 1 .songdta_ps4 files to process...
			[1/1] Processing cu_battles_atlas.songdta_ps4...
			Done. Extracted 1 songs.
			Writing to /workspace/rb4_temp/metadata_UP8802-CUSA02084_00-BATTLES000000001.json...
			Done!
		Extracted 1 songs
		[4/4] Cleaning up extraction files...
	✓ Done: UP8802-CUSA02084_00-BATTLES000000001.pkg
	Cleaned up UP8802-CUSA02084_00-BATTLES000000001.pkg to free space
Progress: 6% (6/98 PKGs) | Total songs: 12
[7/98] Fetching: UP8802-CUSA02084_00-BEACHBOYS0000001.pkg
[7/98] Processing: UP8802-CUSA02084_00-BEACHBOYS0000001.pkg
		[1/4] Extracting: UP8802-CUSA02084_00-BEACHBOYS0000001.pkg
		[2/4] Extracting PFS image...
		[3/4] Extracting song data from PFS...
			Extracting in parallel...
			Found 5 .songdta_ps4 files to process...
			[1/5] Processing cu_far_kokomov2.songdta_ps4...
			[2/5] Processing cu_far_wouldnitbenice.songdta_ps4...
			[3/5] Processing cu_far_igetaround.songdta_ps4...
			[4/5] Processing cu_far_surfinusav2.songdta_ps4...
			[5/5] Processing cu_far_surfinsafari.songdta_ps4...
			Done. Extracted 5 songs.
			Writing to /workspace/rb4_temp/metadata_UP8802-CUSA02084_00-BEACHBOYS0000001.json...
			Done!
		Extracted 5 songs
		[4/4] Cleaning up extraction files...
	✓ Done: UP8802-CUSA02084_00-BEACHBOYS0000001.pkg
	Cleaned up UP8802-CUSA02084_00-BEACHBOYS0000001.pkg to free space
Progress: 7% (7/98 PKGs) | Total songs: 17
[8/98] Fetching: UP8802-CUSA02084_00-BEEGEES000000001.pkg
[8/98] Processing: UP8802-CUSA02084_00-BEEGEES000000001.pkg
		[1/4] Extracting: UP8802-CUSA02084_00-BEEGEES000000001.pkg
		[2/4] Extracting PFS image...
		[3/4] Extracting song data from PFS...
			Extracting in parallel...
			Found 25 .songdta_ps4 files to process...
			[1/25] Processing cu_o843481760_guiltylive_beeg.songdta_ps4...
			[2/25] Processing cu_beegees_heartbreaker.songdta_ps4...
			[3/25] Processing cu_bg_lonelydays.songdta_ps4...
			[4/25] Processing cu_bg_stayinalive.songdta_ps4...
			[5/25] Processing cu_beegees_ysbd.songdta_ps4...
			[6/25] Processing cu_beegees_words.songdta_ps4...
			[7/25] Processing cu_o434126159_introyoushouldb.songdta_ps4...
			[8/25] Processing cu_o261989658_istartedajokeli.songdta_ps4...
			[9/25] Processing cu_bg_nf_mtaw.songdta_ps4...
			[10/25] Processing cu_beegees_islandsinthestream.songdta_ps4...
			[11/25] Processing cu_bg_jivetalkin.songdta_ps4...
			[12/25] Processing cu_o932729391_greaselive_beeg.songdta_ps4...
			[13/25] Processing cu_beegees_howdeepisyourlove.songdta_ps4...
			[14/25] Processing cu_beegees_tragedy.songdta_ps4...
			[15/25] Processing cu_beegees_tolovesomebody.songdta_ps4...
			[16/25] Processing cu_beegees_cantsee.songdta_ps4...
			[17/25] Processing cu_o645453573_andthesunwillsh.songdta_ps4...
			[18/25] Processing cu_bg_youwinagain.songdta_ps4...
			[19/25] Processing cu_bg_massachusetts.songdta_ps4...
			[20/25] Processing cu_o534572841_ourlovedontthro.songdta_ps4...
			[21/25] Processing cu_bg_newyorkminingdisaster.songdta_ps4...
			[22/25] Processing cu_beegees_mendabrokenheart.songdta_ps4...
			[23/25] Processing cu_o906646112_closerthanclose.songdta_ps4...
			[24/25] Processing cu_beegees_nightsonbroadway.songdta_ps4...
			[25/25] Processing cu_o266308403_immortalityfeat.songdta_ps4...
			Done. Extracted 25 songs.
			Writing to /workspace/rb4_temp/metadata_UP8802-CUSA02084_00-BEEGEES000000001.json...
			Done!
		Extracted 25 songs
		[4/4] Cleaning up extraction files...
	✓ Done: UP8802-CUSA02084_00-BEEGEES000000001.pkg
	Cleaned up UP8802-CUSA02084_00-BEEGEES000000001.pkg to free space
Progress: 8% (8/98 PKGs) | Total songs: 42
[9/98] Fetching: UP8802-CUSA02084_00-BENNYBENASSI0001.pkg
[9/98] Processing: UP8802-CUSA02084_00-BENNYBENASSI0001.pkg
		[1/4] Extracting: UP8802-CUSA02084_00-BENNYBENASSI0001.pkg
		[2/4] Extracting PFS image...
		[3/4] Extracting song data from PFS...
			Extracting in parallel...
			Found 1 .songdta_ps4 files to process...
			[1/1] Processing cu_sheepqueen_satisfaction.songdta_ps4...
			Done. Extracted 1 songs.
			Writing to /workspace/rb4_temp/metadata_UP8802-CUSA02084_00-BENNYBENASSI0001.json...
			Done!
		Extracted 1 songs
		[4/4] Cleaning up extraction files...
	✓ Done: UP8802-CUSA02084_00-BENNYBENASSI0001.pkg
	Cleaned up UP8802-CUSA02084_00-BENNYBENASSI0001.pkg to free space
Progress: 9% (9/98 PKGs) | Total songs: 43
[10/98] Fetching: UP8802-CUSA02084_00-BIFFYCLYRO000001.pkg
[10/98] Processing: UP8802-CUSA02084_00-BIFFYCLYRO000001.pkg
		[1/4] Extracting: UP8802-CUSA02084_00-BIFFYCLYRO000001.pkg
		[2/4] Extracting PFS image...
		[3/4] Extracting song data from PFS...
			Extracting in parallel...
			Found 1 .songdta_ps4 files to process...
			[1/1] Processing cu_o535459662_livingisaproble.songdta_ps4...
			Done. Extracted 1 songs.
			Writing to /workspace/rb4_temp/metadata_UP8802-CUSA02084_00-BIFFYCLYRO000001.json...
			Done!
		Extracted 1 songs
		[4/4] Cleaning up extraction files...
	✓ Done: UP8802-CUSA02084_00-BIFFYCLYRO000001.pkg
	Cleaned up UP8802-CUSA02084_00-BIFFYCLYRO000001.pkg to free space
Progress: 10% (10/98 PKGs) | Total songs: 44
[11/98] Fetching: UP8802-CUSA02084_00-BILLYJOEL0000001.pkg
[11/98] Processing: UP8802-CUSA02084_00-BILLYJOEL0000001.pkg
		[1/4] Extracting: UP8802-CUSA02084_00-BILLYJOEL0000001.pkg
		[2/4] Extracting PFS image...
		[3/4] Extracting song data from PFS...
			Extracting in parallel...
			Found 1 .songdta_ps4 files to process...
			[1/1] Processing cu_billyjoel_whyshouldiworry.songdta_ps4...
			Done. Extracted 1 songs.
			Writing to /workspace/rb4_temp/metadata_UP8802-CUSA02084_00-BILLYJOEL0000001.json...
			Done!
		Extracted 1 songs
		[4/4] Cleaning up extraction files...
	✓ Done: UP8802-CUSA02084_00-BILLYJOEL0000001.pkg
	Cleaned up UP8802-CUSA02084_00-BILLYJOEL0000001.pkg to free space
Progress: 11% (11/98 PKGs) | Total songs: 45
[12/98] Fetching: UP8802-CUSA02084_00-BILLYOCEAN000001.pkg
[12/98] Processing: UP8802-CUSA02084_00-BILLYOCEAN000001.pkg
		[1/4] Extracting: UP8802-CUSA02084_00-BILLYOCEAN000001.pkg
		[2/4] Extracting PFS image...
		[3/4] Extracting song data from PFS...
			Extracting in parallel...
			Found 1 .songdta_ps4 files to process...
			[1/1] Processing cu_caribbeanqueen_full.songdta_ps4...
			Done. Extracted 1 songs.
			Writing to /workspace/rb4_temp/metadata_UP8802-CUSA02084_00-BILLYOCEAN000001.json...
			Done!
		Extracted 1 songs
		[4/4] Cleaning up extraction files...
	✓ Done: UP8802-CUSA02084_00-BILLYOCEAN000001.pkg
	Cleaned up UP8802-CUSA02084_00-BILLYOCEAN000001.pkg to free space
Progress: 12% (12/98 PKGs) | Total songs: 46
[13/98] Fetching: UP8802-CUSA02084_00-BILLYRAYCYRUS001.pkg
[13/98] Processing: UP8802-CUSA02084_00-BILLYRAYCYRUS001.pkg
		[1/4] Extracting: UP8802-CUSA02084_00-BILLYRAYCYRUS001.pkg
		[2/4] Extracting PFS image...
		[3/4] Extracting song data from PFS...
			Extracting in parallel...
			Found 1 .songdta_ps4 files to process...
			[1/1] Processing cu_brc_abh.songdta_ps4...
			Done. Extracted 1 songs.
			Writing to /workspace/rb4_temp/metadata_UP8802-CUSA02084_00-BILLYRAYCYRUS001.json...
			Done!
		Extracted 1 songs
		[4/4] Cleaning up extraction files...
	✓ Done: UP8802-CUSA02084_00-BILLYRAYCYRUS001.pkg
	Cleaned up UP8802-CUSA02084_00-BILLYRAYCYRUS001.pkg to free space
Progress: 13% (13/98 PKGs) | Total songs: 47
[14/98] Fetching: UP8802-CUSA02084_00-BLACKCROWES00001.pkg
[14/98] Processing: UP8802-CUSA02084_00-BLACKCROWES00001.pkg
		[1/4] Extracting: UP8802-CUSA02084_00-BLACKCROWES00001.pkg
		[2/4] Extracting PFS image...
		[3/4] Extracting song data from PFS...
			Extracting in parallel...
			Found 1 .songdta_ps4 files to process...
			[1/1] Processing cu_bc_gofaster.songdta_ps4...
			Done. Extracted 1 songs.
			Writing to /workspace/rb4_temp/metadata_UP8802-CUSA02084_00-BLACKCROWES00001.json...
			Done!
		Extracted 1 songs
		[4/4] Cleaning up extraction files...
	✓ Done: UP8802-CUSA02084_00-BLACKCROWES00001.pkg
	Cleaned up UP8802-CUSA02084_00-BLACKCROWES00001.pkg to free space
Progress: 14% (14/98 PKGs) | Total songs: 48
[15/98] Fetching: UP8802-CUSA02084_00-BLACKEYEDPEAS001.pkg
[15/98] Processing: UP8802-CUSA02084_00-BLACKEYEDPEAS001.pkg
		[1/4] Extracting: UP8802-CUSA02084_00-BLACKEYEDPEAS001.pkg
		[2/4] Extracting PFS image...
		[3/4] Extracting song data from PFS...
			Extracting in parallel...
			Found 1 .songdta_ps4 files to process...
			[1/1] Processing cu_letsgetitstartedfv4b.songdta_ps4...
			Done. Extracted 1 songs.
			Writing to /workspace/rb4_temp/metadata_UP8802-CUSA02084_00-BLACKEYEDPEAS001.json...
			Done!
		Extracted 1 songs
		[4/4] Cleaning up extraction files...
	✓ Done: UP8802-CUSA02084_00-BLACKEYEDPEAS001.pkg
	Cleaned up UP8802-CUSA02084_00-BLACKEYEDPEAS001.pkg to free space
Progress: 15% (15/98 PKGs) | Total songs: 49
[16/98] Fetching: UP8802-CUSA02084_00-BLACKSABBATH0001.pkg
[16/98] Processing: UP8802-CUSA02084_00-BLACKSABBATH0001.pkg
		[1/4] Extracting: UP8802-CUSA02084_00-BLACKSABBATH0001.pkg
		[2/4] Extracting PFS image...
		[3/4] Extracting song data from PFS...
			Extracting in parallel...
			Found 1 .songdta_ps4 files to process...
			[1/1] Processing cu_blacksabbathironman.songdta_ps4...
			Done. Extracted 1 songs.
			Writing to /workspace/rb4_temp/metadata_UP8802-CUSA02084_00-BLACKSABBATH0001.json...
			Done!
		Extracted 1 songs
		[4/4] Cleaning up extraction files...
	✓ Done: UP8802-CUSA02084_00-BLACKSABBATH0001.pkg
	Cleaned up UP8802-CUSA02084_00-BLACKSABBATH0001.pkg to free space
Progress: 16% (16/98 PKGs) | Total songs: 50
[17/98] Fetching: UP8802-CUSA02084_00-BLAKESHELTON0001.pkg
[17/98] Processing: UP8802-CUSA02084_00-BLAKESHELTON0001.pkg
		[1/4] Extracting: UP8802-CUSA02084_00-BLAKESHELTON0001.pkg
		[2/4] Extracting PFS image...
		[3/4] Extracting song data from PFS...
			Extracting in parallel...
			Found 4 .songdta_ps4 files to process...
			[1/4] Processing cu_blakesheltnobodybutyou69.songdta_ps4...
			[2/4] Processing cu_happyanywhereblakeshelt69.songdta_ps4...
			[3/4] Processing cu_o683843561_hillbillybonefe.songdta_ps4...
			[4/4] Processing cu_o269542231_friends_blakesh.songdta_ps4...
			Done. Extracted 4 songs.
			Writing to /workspace/rb4_temp/metadata_UP8802-CUSA02084_00-BLAKESHELTON0001.json...
			Done!
		Extracted 4 songs
		[4/4] Cleaning up extraction files...
	✓ Done: UP8802-CUSA02084_00-BLAKESHELTON0001.pkg
	Cleaned up UP8802-CUSA02084_00-BLAKESHELTON0001.pkg to free space
Progress: 17% (17/98 PKGs) | Total songs: 54
[18/98] Fetching: UP8802-CUSA02084_00-BROTHERSOSBORNE1.pkg
[18/98] Processing: UP8802-CUSA02084_00-BROTHERSOSBORNE1.pkg
		[1/4] Extracting: UP8802-CUSA02084_00-BROTHERSOSBORNE1.pkg
		[2/4] Extracting PFS image...
		[3/4] Extracting song data from PFS...
			Extracting in parallel...
			Found 1 .songdta_ps4 files to process...
			[1/1] Processing cu_o553009463_allnight_brothe.songdta_ps4...
			Done. Extracted 1 songs.
			Writing to /workspace/rb4_temp/metadata_UP8802-CUSA02084_00-BROTHERSOSBORNE1.json...
			Done!
		Extracted 1 songs
		[4/4] Cleaning up extraction files...
	✓ Done: UP8802-CUSA02084_00-BROTHERSOSBORNE1.pkg
	Cleaned up UP8802-CUSA02084_00-BROTHERSOSBORNE1.pkg to free space
Progress: 18% (18/98 PKGs) | Total songs: 55
[19/98] Fetching: UP8802-CUSA02084_00-BRYANADAMS000001.pkg
[19/98] Processing: UP8802-CUSA02084_00-BRYANADAMS000001.pkg
		[1/4] Extracting: UP8802-CUSA02084_00-BRYANADAMS000001.pkg
		[2/4] Extracting PFS image...
		[3/4] Extracting song data from PFS...
			Extracting in parallel...
			Found 5 .songdta_ps4 files to process...
			[1/5] Processing cu_sd69cutsknifebadamscc.songdta_ps4...
			[2/5] Processing cu_heaven.songdta_ps4...
			[3/5] Processing cu_bryanadams_runtoyou.songdta_ps4...
			[4/5] Processing cu_o391874971_getoffmyback_br.songdta_ps4...
			[5/5] Processing cu_ba_hereiam.songdta_ps4...
			Done. Extracted 5 songs.
			Writing to /workspace/rb4_temp/metadata_UP8802-CUSA02084_00-BRYANADAMS000001.json...
			Done!
		Extracted 5 songs
		[4/4] Cleaning up extraction files...
	✓ Done: UP8802-CUSA02084_00-BRYANADAMS000001.pkg
	Cleaned up UP8802-CUSA02084_00-BRYANADAMS000001.pkg to free space
Progress: 19% (19/98 PKGs) | Total songs: 60
[20/98] Fetching: UP8802-CUSA02084_00-CABALLODORADO001.pkg
[20/98] Processing: UP8802-CUSA02084_00-CABALLODORADO001.pkg
		[1/4] Extracting: UP8802-CUSA02084_00-CABALLODORADO001.pkg
		[2/4] Extracting PFS image...
		[3/4] Extracting song data from PFS...
			Extracting in parallel...
			Found 1 .songdta_ps4 files to process...
			[1/1] Processing cu_o724053335.songdta_ps4...
			Done. Extracted 1 songs.
			Writing to /workspace/rb4_temp/metadata_UP8802-CUSA02084_00-CABALLODORADO001.json...
			Done!
		Extracted 1 songs
		[4/4] Cleaning up extraction files...
	✓ Done: UP8802-CUSA02084_00-CABALLODORADO001.pkg
	Cleaned up UP8802-CUSA02084_00-CABALLODORADO001.pkg to free space
Progress: 20% (20/98 PKGs) | Total songs: 61
[21/98] Fetching: UP8802-CUSA02084_00-CHRISJANSON00001.pkg
[21/98] Processing: UP8802-CUSA02084_00-CHRISJANSON00001.pkg
		[1/4] Extracting: UP8802-CUSA02084_00-CHRISJANSON00001.pkg
		[2/4] Extracting PFS image...
		[3/4] Extracting song data from PFS...
			Extracting in parallel...
			Found 1 .songdta_ps4 files to process...
			[1/1] Processing cu_buymeaboat_v1.songdta_ps4...
			Done. Extracted 1 songs.
			Writing to /workspace/rb4_temp/metadata_UP8802-CUSA02084_00-CHRISJANSON00001.json...
			Done!
		Extracted 1 songs
		[4/4] Cleaning up extraction files...
	✓ Done: UP8802-CUSA02084_00-CHRISJANSON00001.pkg
	Cleaned up UP8802-CUSA02084_00-CHRISJANSON00001.pkg to free space
Progress: 21% (21/98 PKGs) | Total songs: 62
[22/98] Fetching: UP8802-CUSA02084_00-CHRISSAWYER00001.pkg
[22/98] Processing: UP8802-CUSA02084_00-CHRISSAWYER00001.pkg
		[1/4] Extracting: UP8802-CUSA02084_00-CHRISSAWYER00001.pkg
		[2/4] Extracting PFS image...
		[3/4] Extracting song data from PFS...
			Extracting in parallel...
			Found 2 .songdta_ps4 files to process...
			[1/2] Processing cu_o340143447.songdta_ps4...
			[2/2] Processing cu_rct2_rockstyle2.songdta_ps4...
			Done. Extracted 2 songs.
			Writing to /workspace/rb4_temp/metadata_UP8802-CUSA02084_00-CHRISSAWYER00001.json...
			Done!
		Extracted 2 songs
		[4/4] Cleaning up extraction files...
	✓ Done: UP8802-CUSA02084_00-CHRISSAWYER00001.pkg
	Cleaned up UP8802-CUSA02084_00-CHRISSAWYER00001.pkg to free space
Progress: 22% (22/98 PKGs) | Total songs: 64
[23/98] Fetching: UP8802-CUSA02084_00-CHRISSTAPLETON01.pkg
[23/98] Processing: UP8802-CUSA02084_00-CHRISSTAPLETON01.pkg
		[1/4] Extracting: UP8802-CUSA02084_00-CHRISSTAPLETON01.pkg
		[2/4] Extracting PFS image...
		[3/4] Extracting song data from PFS...
			Extracting in parallel...
			Found 1 .songdta_ps4 files to process...
			[1/1] Processing cu_tennesseewhisk.songdta_ps4...
			Done. Extracted 1 songs.
			Writing to /workspace/rb4_temp/metadata_UP8802-CUSA02084_00-CHRISSTAPLETON01.json...
			Done!
		Extracted 1 songs
		[4/4] Cleaning up extraction files...
	✓ Done: UP8802-CUSA02084_00-CHRISSTAPLETON01.pkg
	Cleaned up UP8802-CUSA02084_00-CHRISSTAPLETON01.pkg to free space
Progress: 23% (23/98 PKGs) | Total songs: 65
[24/98] Fetching: UP8802-CUSA02084_00-CHRISTOPHERCROSS.pkg
[24/98] Processing: UP8802-CUSA02084_00-CHRISTOPHERCROSS.pkg
		[1/4] Extracting: UP8802-CUSA02084_00-CHRISTOPHERCROSS.pkg
		[2/4] Extracting PFS image...
		[3/4] Extracting song data from PFS...
			Extracting in parallel...
			Found 1 .songdta_ps4 files to process...
			[1/1] Processing cu_far_ridelikethewind.songdta_ps4...
			Done. Extracted 1 songs.
			Writing to /workspace/rb4_temp/metadata_UP8802-CUSA02084_00-CHRISTOPHERCROSS.json...
			Done!
		Extracted 1 songs
		[4/4] Cleaning up extraction files...
	✓ Done: UP8802-CUSA02084_00-CHRISTOPHERCROSS.pkg
	Cleaned up UP8802-CUSA02084_00-CHRISTOPHERCROSS.pkg to free space
Progress: 24% (24/98 PKGs) | Total songs: 66
[25/98] Fetching: UP8802-CUSA02084_00-COASTERS00000001.pkg
[25/98] Processing: UP8802-CUSA02084_00-COASTERS00000001.pkg
		[1/4] Extracting: UP8802-CUSA02084_00-COASTERS00000001.pkg
		[2/4] Extracting PFS image...
		[3/4] Extracting song data from PFS...
			Extracting in parallel...
			Found 1 .songdta_ps4 files to process...
			[1/1] Processing cu_coasters_yaketyyak.songdta_ps4...
			Done. Extracted 1 songs.
			Writing to /workspace/rb4_temp/metadata_UP8802-CUSA02084_00-COASTERS00000001.json...
			Done!
		Extracted 1 songs
		[4/4] Cleaning up extraction files...
	✓ Done: UP8802-CUSA02084_00-COASTERS00000001.pkg
	Cleaned up UP8802-CUSA02084_00-COASTERS00000001.pkg to free space
Progress: 25% (25/98 PKGs) | Total songs: 67
[26/98] Fetching: UP8802-CUSA02084_00-CRASHTESTDUMMIES.pkg
[26/98] Processing: UP8802-CUSA02084_00-CRASHTESTDUMMIES.pkg
		[1/4] Extracting: UP8802-CUSA02084_00-CRASHTESTDUMMIES.pkg
		[2/4] Extracting PFS image...
		[3/4] Extracting song data from PFS...
			Extracting in parallel...
			Found 1 .songdta_ps4 files to process...
			[1/1] Processing cu_far_mmmmmmmmmmmm.songdta_ps4...
			Done. Extracted 1 songs.
			Writing to /workspace/rb4_temp/metadata_UP8802-CUSA02084_00-CRASHTESTDUMMIES.json...
			Done!
		Extracted 1 songs
		[4/4] Cleaning up extraction files...
	✓ Done: UP8802-CUSA02084_00-CRASHTESTDUMMIES.pkg
	Cleaned up UP8802-CUSA02084_00-CRASHTESTDUMMIES.pkg to free space
Progress: 26% (26/98 PKGs) | Total songs: 68
[27/98] Fetching: UP8802-CUSA02084_00-CREQ2604P01TUPAC.pkg
[27/98] Processing: UP8802-CUSA02084_00-CREQ2604P01TUPAC.pkg
		[1/4] Extracting: UP8802-CUSA02084_00-CREQ2604P01TUPAC.pkg
		[2/4] Extracting PFS image...
		[3/4] Extracting song data from PFS...
			Extracting in parallel...
			Found 1 .songdta_ps4 files to process...
			[1/1] Processing o991371926_ambitionzazarid.songdta_ps4...
			Done. Extracted 1 songs.
			Writing to /workspace/rb4_temp/metadata_UP8802-CUSA02084_00-CREQ2604P01TUPAC.json...
			Done!
		Extracted 1 songs
		[4/4] Cleaning up extraction files...
	✓ Done: UP8802-CUSA02084_00-CREQ2604P01TUPAC.pkg
	Cleaned up UP8802-CUSA02084_00-CREQ2604P01TUPAC.pkg to free space
Progress: 27% (27/98 PKGs) | Total songs: 69
[28/98] Fetching: UP8802-CUSA02084_00-CREQ2604P02DOOR3.pkg
[28/98] Processing: UP8802-CUSA02084_00-CREQ2604P02DOOR3.pkg
		[1/4] Extracting: UP8802-CUSA02084_00-CREQ2604P02DOOR3.pkg
		[2/4] Extracting PFS image...
		[3/4] Extracting song data from PFS...
			Extracting in parallel...
			Found 10 .songdta_ps4 files to process...
			[1/10] Processing 3doorsdownloser.songdta_ps4...
			[2/10] Processing 3doorsdownletmego.songdta_ps4...
			[3/10] Processing o517656274_duckandrun_3doo.songdta_ps4...
			[4/10] Processing 3doorsrunningoutofdays.songdta_ps4...
			[5/10] Processing citizensoldier.songdta_ps4...
			[6/10] Processing 3doordownblikthatdoc.songdta_ps4...
			[7/10] Processing inthedarkdoc3doorsdown.songdta_ps4...
			[8/10] Processing 3doorsdownrunaway.songdta_ps4...
			[9/10] Processing o630357536.songdta_ps4...
			[10/10] Processing 3doorsdowntheroadimon.songdta_ps4...
			Done. Extracted 10 songs.
			Writing to /workspace/rb4_temp/metadata_UP8802-CUSA02084_00-CREQ2604P02DOOR3.json...
			Done!
		Extracted 10 songs
		[4/4] Cleaning up extraction files...
	✓ Done: UP8802-CUSA02084_00-CREQ2604P02DOOR3.pkg
	Cleaned up UP8802-CUSA02084_00-CREQ2604P02DOOR3.pkg to free space
Progress: 28% (28/98 PKGs) | Total songs: 79
[29/98] Fetching: UP8802-CUSA02084_00-CREQ2604P03AVRIL.pkg
[29/98] Processing: UP8802-CUSA02084_00-CREQ2604P03AVRIL.pkg
		[1/4] Extracting: UP8802-CUSA02084_00-CREQ2604P03AVRIL.pkg
		[2/4] Extracting PFS image...
		[3/4] Extracting song data from PFS...
			Extracting in parallel...
			Found 62 .songdta_ps4 files to process...
			[1/62] Processing alpush.songdta_ps4...
			[2/62] Processing o375585180_imamess_avrilla.songdta_ps4...
			[3/62] Processing alanythingbutordinary.songdta_ps4...
			[4/62] Processing aldaretoloveme.songdta_ps4...
			[5/62] Processing algoodbye.songdta_ps4...
			[6/62] Processing alinnocencev2.songdta_ps4...
			[7/62] Processing alwhenyouregonev2.songdta_ps4...
			[8/62] Processing aleverythingbackv2.songdta_ps4...
			[9/62] Processing alkeepholdingon.songdta_ps4...
			[10/62] Processing htngu_v3.songdta_ps4...
			[11/62] Processing alnotenough.songdta_ps4...
			[12/62] Processing altomorrowv2.songdta_ps4...
			[13/62] Processing alcontagious.songdta_ps4...
			[14/62] Processing alkissmelikeworldend.songdta_ps4...
			[15/62] Processing o303704460_tellmeitsover_a.songdta_ps4...
			[16/62] Processing whenyouregonetruce.songdta_ps4...
			[17/62] Processing aloneofthosegirls.songdta_ps4...
			[18/62] Processing almyworld.songdta_ps4...
			[19/62] Processing aldejavu.songdta_ps4...
			[20/62] Processing alnaked.songdta_ps4...
			[21/62] Processing albreakofaheartachev6.songdta_ps4...
			[22/62] Processing alnobodysfool.songdta_ps4...
			[23/62] Processing aliloveyou.songdta_ps4...
			[24/62] Processing alrunawayv3.songdta_ps4...
			[25/62] Processing o504803015_herestonevergro.songdta_ps4...
			[26/62] Processing altoomuchtoaskv3.songdta_ps4...
			[27/62] Processing alicandobetterv3.songdta_ps4...
			[28/62] Processing alaliceextended.songdta_ps4...
			[29/62] Processing almobile.songdta_ps4...
			[30/62] Processing aldarlin.songdta_ps4...
			[31/62] Processing alice.songdta_ps4...
			[32/62] Processing avrilnobodysfool.songdta_ps4...
			[33/62] Processing alhotv3.songdta_ps4...
			[34/62] Processing alfu.songdta_ps4...
			[35/62] Processing alwishyouherev2.songdta_ps4...
			[36/62] Processing aldonthavetotry.songdta_ps4...
			[37/62] Processing alsmile.songdta_ps4...
			[38/62] Processing o563466780_biteme_avrillav.songdta_ps4...
			[39/62] Processing aliwillbev4.songdta_ps4...
			[40/62] Processing allosinggrip.songdta_ps4...
			[41/62] Processing allovesuxv2.songdta_ps4...
			[42/62] Processing goodbye.songdta_ps4...
			[43/62] Processing alavalanche.songdta_ps4...
			[44/62] Processing alimwithyou.songdta_ps4...
			[45/62] Processing o142591279_hewasnt_avrilla.songdta_ps4...
			[46/62] Processing alblackstar.songdta_ps4...
			[47/62] Processing al4real.songdta_ps4...
			[48/62] Processing complicated.songdta_ps4...
			[49/62] Processing aleverbodyhurts.songdta_ps4...
			[50/62] Processing althingsillneversayv3.songdta_ps4...
			[51/62] Processing albestdamnthingv5.songdta_ps4...
			[52/62] Processing nobodyshome.songdta_ps4...
			[53/62] Processing algirlfriendv4.songdta_ps4...
			[54/62] Processing alrememberwhen.songdta_ps4...
			[55/62] Processing alliwanted_avril.songdta_ps4...
			[56/62] Processing alalone.songdta_ps4...
			[57/62] Processing alunwantedv2.songdta_ps4...
			[58/62] Processing whatthehell.songdta_ps4...
			[59/62] Processing alcannonballv3.songdta_ps4...
			[60/62] Processing smile.songdta_ps4...
			[61/62] Processing alboislie.songdta_ps4...
			[62/62] Processing alstopstandingtherev2.songdta_ps4...
			Done. Extracted 62 songs.
			Writing to /workspace/rb4_temp/metadata_UP8802-CUSA02084_00-CREQ2604P03AVRIL.json...
			Done!
		Extracted 62 songs
		[4/4] Cleaning up extraction files...
	✓ Done: UP8802-CUSA02084_00-CREQ2604P03AVRIL.pkg
	Cleaned up UP8802-CUSA02084_00-CREQ2604P03AVRIL.pkg to free space
Progress: 29% (29/98 PKGs) | Total songs: 141
[30/98] Fetching: UP8802-CUSA02084_00-CREQ2604P04BUSHH.pkg
[30/98] Processing: UP8802-CUSA02084_00-CREQ2604P04BUSHH.pkg
		[1/4] Extracting: UP8802-CUSA02084_00-CREQ2604P04BUSHH.pkg
		[2/4] Extracting PFS image...
		[3/4] Extracting song data from PFS...
			Extracting in parallel...
			Found 4 .songdta_ps4 files to process...
			[1/4] Processing o224151149_swallowed_bush.songdta_ps4...
			[2/4] Processing coldcon.songdta_ps4...
			[3/4] Processing glycerine_pv1.songdta_ps4...
			[4/4] Processing thepeoplethatwelove.songdta_ps4...
			Done. Extracted 4 songs.
			Writing to /workspace/rb4_temp/metadata_UP8802-CUSA02084_00-CREQ2604P04BUSHH.json...
			Done!
		Extracted 4 songs
		[4/4] Cleaning up extraction files...
	✓ Done: UP8802-CUSA02084_00-CREQ2604P04BUSHH.pkg
	Cleaned up UP8802-CUSA02084_00-CREQ2604P04BUSHH.pkg to free space
Progress: 30% (30/98 PKGs) | Total songs: 145
[31/98] Fetching: UP8802-CUSA02084_00-CREQ2604P05CNCRW.pkg
[31/98] Processing: UP8802-CUSA02084_00-CREQ2604P05CNCRW.pkg
		[1/4] Extracting: UP8802-CUSA02084_00-CREQ2604P05CNCRW.pkg
		[2/4] Extracting PFS image...
		[3/4] Extracting song data from PFS...
			Extracting in parallel...
			Found 4 .songdta_ps4 files to process...
			[1/4] Processing o600815120_catapult_counti.songdta_ps4...
			[2/4] Processing o338008886_colorblind_coun.songdta_ps4...
			[3/4] Processing o198291135_hanginaround_co.songdta_ps4...
			[4/4] Processing countcrowsrainkingdoc.songdta_ps4...
			Done. Extracted 4 songs.
			Writing to /workspace/rb4_temp/metadata_UP8802-CUSA02084_00-CREQ2604P05CNCRW.json...
			Done!
		Extracted 4 songs
		[4/4] Cleaning up extraction files...
	✓ Done: UP8802-CUSA02084_00-CREQ2604P05CNCRW.pkg
	Cleaned up UP8802-CUSA02084_00-CREQ2604P05CNCRW.pkg to free space
Progress: 31% (31/98 PKGs) | Total songs: 149
[32/98] Fetching: UP8802-CUSA02084_00-CREQ2604P06EVRCL.pkg
[32/98] Processing: UP8802-CUSA02084_00-CREQ2604P06EVRCL.pkg
		[1/4] Extracting: UP8802-CUSA02084_00-CREQ2604P06EVRCL.pkg
		[2/4] Extracting PFS image...
		[3/4] Extracting song data from PFS...
			Extracting in parallel...
			Found 10 .songdta_ps4 files to process...
			[1/10] Processing iwillbuyyouanewlife.songdta_ps4...
			[2/10] Processing fatherofmine.songdta_ps4...
			[3/10] Processing everclearheroinv2.songdta_ps4...
			[4/10] Processing evercleareldistortodemelod.songdta_ps4...
			[5/10] Processing mufa_onehitwonder.songdta_ps4...
			[6/10] Processing everclearwhorev3.songdta_ps4...
			[7/10] Processing everclearsomuchfortheafter.songdta_ps4...
			[8/10] Processing everythingtoeveryone.songdta_ps4...
			[9/10] Processing iwillfollowyou_ev.songdta_ps4...
			[10/10] Processing o636522910_rockstar_evercl.songdta_ps4...
			Done. Extracted 10 songs.
			Writing to /workspace/rb4_temp/metadata_UP8802-CUSA02084_00-CREQ2604P06EVRCL.json...
			Done!
		Extracted 10 songs
		[4/4] Cleaning up extraction files...
	✓ Done: UP8802-CUSA02084_00-CREQ2604P06EVRCL.pkg
	Cleaned up UP8802-CUSA02084_00-CREQ2604P06EVRCL.pkg to free space
Progress: 32% (32/98 PKGs) | Total songs: 159
[33/98] Fetching: UP8802-CUSA02084_00-CREQ2604P07FNLFN.pkg
[33/98] Processing: UP8802-CUSA02084_00-CREQ2604P07FNLFN.pkg
		[1/4] Extracting: UP8802-CUSA02084_00-CREQ2604P07FNLFN.pkg
		[2/4] Extracting PFS image...
		[3/4] Extracting song data from PFS...
			Extracting in parallel...
			Found 21 .songdta_ps4 files to process...
			[1/21] Processing o72809529_battle1_ryujisas.songdta_ps4...
			[2/21] Processing o835101701_thefinalbattlef.songdta_ps4...
			[3/21] Processing o643364438_dancingmadpart4.songdta_ps4...
			[4/21] Processing o565458169_dancingmadpart4.songdta_ps4...
			[5/21] Processing o505079828_letthebattlesbe.songdta_ps4...
			[6/21] Processing o324801742_letthebattlesbe.songdta_ps4...
			[7/21] Processing ffvpr_battle2.songdta_ps4...
			[8/21] Processing o624009055_fighton_nobuoue.songdta_ps4...
			[9/21] Processing ffix_finalbattle.songdta_ps4...
			[10/21] Processing o424922701_fiddledechocobo.songdta_ps4...
			[11/21] Processing o905684473_battle2_ryujisa.songdta_ps4...
			[12/21] Processing o986402854_dancingmadfromf.songdta_ps4...
			[13/21] Processing ffv_bridge.songdta_ps4...
			[14/21] Processing o132464706_fighton_nobuoue.songdta_ps4...
			[15/21] Processing sbsimpleplotfinalfanv3.songdta_ps4...
			[16/21] Processing o271828351_battletheme_nob.songdta_ps4...
			[17/21] Processing airbustermrmet.songdta_ps4...
			[18/21] Processing bossbattleff7.songdta_ps4...
			[19/21] Processing o594951441_preludebombfare.songdta_ps4...
			[20/21] Processing o427622429_thosewhofightfu.songdta_ps4...
			[21/21] Processing o632350348_fiercebattlefin.songdta_ps4...
			Done. Extracted 21 songs.
			Writing to /workspace/rb4_temp/metadata_UP8802-CUSA02084_00-CREQ2604P07FNLFN.json...
			Done!
		Extracted 21 songs
		[4/4] Cleaning up extraction files...
	✓ Done: UP8802-CUSA02084_00-CREQ2604P07FNLFN.pkg
	Cleaned up UP8802-CUSA02084_00-CREQ2604P07FNLFN.pkg to free space
Progress: 33% (33/98 PKGs) | Total songs: 180
[34/98] Fetching: UP8802-CUSA02084_00-CREQ2604P08GARBG.pkg
[34/98] Processing: UP8802-CUSA02084_00-CREQ2604P08GARBG.pkg
		[1/4] Extracting: UP8802-CUSA02084_00-CREQ2604P08GARBG.pkg
		[2/4] Extracting PFS image...
		[3/4] Extracting song data from PFS...
			Extracting in parallel...
			Found 11 .songdta_ps4 files to process...
			[1/11] Processing cherrylipsv02.songdta_ps4...
			[2/11] Processing 21pilots_garbage.songdta_ps4...
			[3/11] Processing worldisnotenoughmrmet.songdta_ps4...
			[4/11] Processing onlyhappywhenitrains.songdta_ps4...
			[5/11] Processing queerv06.songdta_ps4...
			[6/11] Processing special.songdta_ps4...
			[7/11] Processing garbageandrogyny.songdta_ps4...
			[8/11] Processing crushv02.songdta_ps4...
			[9/11] Processing o335528427_vow_garbage.songdta_ps4...
			[10/11] Processing whenigrowupv01.songdta_ps4...
			[11/11] Processing shutyourmouthv04.songdta_ps4...
			Done. Extracted 11 songs.
			Writing to /workspace/rb4_temp/metadata_UP8802-CUSA02084_00-CREQ2604P08GARBG.json...
			Done!
		Extracted 11 songs
		[4/4] Cleaning up extraction files...
	✓ Done: UP8802-CUSA02084_00-CREQ2604P08GARBG.pkg
	Cleaned up UP8802-CUSA02084_00-CREQ2604P08GARBG.pkg to free space
Progress: 34% (34/98 PKGs) | Total songs: 191
[35/98] Fetching: UP8802-CUSA02084_00-CREQ2604P09HOOLE.pkg
[35/98] Processing: UP8802-CUSA02084_00-CREQ2604P09HOOLE.pkg
		[1/4] Extracting: UP8802-CUSA02084_00-CREQ2604P09HOOLE.pkg
		[2/4] Extracting PFS image...
		[3/4] Extracting song data from PFS...
			Extracting in parallel...
			Found 7 .songdta_ps4 files to process...
			[1/7] Processing hole_missworld_full.songdta_ps4...
			[2/7] Processing o533564453_askingforit_hol.songdta_ps4...
			[3/7] Processing hole_violet_full.songdta_ps4...
			[4/7] Processing holeteenagev2.songdta_ps4...
			[5/7] Processing o820589621_awful_hole.songdta_ps4...
			[6/7] Processing o842836467_dollparts_hole.songdta_ps4...
			[7/7] Processing hole_malibu_full.songdta_ps4...
			Done. Extracted 7 songs.
			Writing to /workspace/rb4_temp/metadata_UP8802-CUSA02084_00-CREQ2604P09HOOLE.json...
			Done!
		Extracted 7 songs
		[4/4] Cleaning up extraction files...
	✓ Done: UP8802-CUSA02084_00-CREQ2604P09HOOLE.pkg
	Cleaned up UP8802-CUSA02084_00-CREQ2604P09HOOLE.pkg to free space
Progress: 35% (35/98 PKGs) | Total songs: 198
[36/98] Fetching: UP8802-CUSA02084_00-CREQ2604P10JEWEL.pkg
[36/98] Processing: UP8802-CUSA02084_00-CREQ2604P10JEWEL.pkg
		[1/4] Extracting: UP8802-CUSA02084_00-CREQ2604P10JEWEL.pkg
		[2/4] Extracting PFS image...
		[3/4] Extracting song data from PFS...
			Extracting in parallel...
			Found 3 .songdta_ps4 files to process...
			[1/3] Processing haunted.songdta_ps4...
			[2/3] Processing jewel-ywmfm02.songdta_ps4...
			[3/3] Processing jewelintuitionv1.songdta_ps4...
			Done. Extracted 3 songs.
			Writing to /workspace/rb4_temp/metadata_UP8802-CUSA02084_00-CREQ2604P10JEWEL.json...
			Done!
		Extracted 3 songs
		[4/4] Cleaning up extraction files...
	✓ Done: UP8802-CUSA02084_00-CREQ2604P10JEWEL.pkg
	Cleaned up UP8802-CUSA02084_00-CREQ2604P10JEWEL.pkg to free space
Progress: 36% (36/98 PKGs) | Total songs: 201
[37/98] Fetching: UP8802-CUSA02084_00-CREQ2604P11MJACK.pkg
[37/98] Processing: UP8802-CUSA02084_00-CREQ2604P11MJACK.pkg
		[1/4] Extracting: UP8802-CUSA02084_00-CREQ2604P11MJACK.pkg
		[2/4] Extracting PFS image...
		[3/4] Extracting song data from PFS...
			Extracting in parallel...
			Found 28 .songdta_ps4 files to process...
			[1/28] Processing smoothcriminalmj.songdta_ps4...
			[2/28] Processing far_dontstoptillyougetv2.songdta_ps4...
			[3/28] Processing sheepqueen_speeddemon.songdta_ps4...
			[4/28] Processing dontstoptilyougetmj.songdta_ps4...
			[5/28] Processing far_giveintome.songdta_ps4...
			[6/28] Processing o184198108_smoothcriminal.songdta_ps4...
			[7/28] Processing far_smoothcriminal.songdta_ps4...
			[8/28] Processing far_rememberthetime.songdta_ps4...
			[9/28] Processing mj_htw.songdta_ps4...
			[10/28] Processing far_whoisit.songdta_ps4...
			[11/28] Processing far_badv2.songdta_ps4...
			[12/28] Processing far_anotherpartofmev2.songdta_ps4...
			[13/28] Processing offthewall.songdta_ps4...
			[14/28] Processing far_girlismine.songdta_ps4...
			[15/28] Processing far_babybemine.songdta_ps4...
			[16/28] Processing far_wayyoumakemefeel.songdta_ps4...
			[17/28] Processing far_dirtydianav3.songdta_ps4...
			[18/28] Processing cccwatchingme.songdta_ps4...
			[19/28] Processing far_rockwithyouv2.songdta_ps4...
			[20/28] Processing far_humannature.songdta_ps4...
			[21/28] Processing ijustcantstopmj.songdta_ps4...
			[22/28] Processing far_startinsomethin.songdta_ps4...
			[23/28] Processing ben.songdta_ps4...
			[24/28] Processing earthsongmrmet.songdta_ps4...
			[25/28] Processing beatitmj.songdta_ps4...
			[26/28] Processing far_leavemealone.songdta_ps4...
			[27/28] Processing far_liberiangirl.songdta_ps4...
			[28/28] Processing far_ijustcantstoploving.songdta_ps4...
			Done. Extracted 28 songs.
			Writing to /workspace/rb4_temp/metadata_UP8802-CUSA02084_00-CREQ2604P11MJACK.json...
			Done!
		Extracted 28 songs
		[4/4] Cleaning up extraction files...
	✓ Done: UP8802-CUSA02084_00-CREQ2604P11MJACK.pkg
	Cleaned up UP8802-CUSA02084_00-CREQ2604P11MJACK.pkg to free space
Progress: 37% (37/98 PKGs) | Total songs: 229
[38/98] Fetching: UP8802-CUSA02084_00-CREQ2604P13INCYA.pkg
[38/98] Processing: UP8802-CUSA02084_00-CREQ2604P13INCYA.pkg
		[1/4] Extracting: UP8802-CUSA02084_00-CREQ2604P13INCYA.pkg
		[2/4] Extracting PFS image...
		[3/4] Extracting song data from PFS...
			Extracting in parallel...
			Found 32 .songdta_ps4 files to process...
			[1/32] Processing dingo_tickv0.songdta_ps4...
			[2/32] Processing santigoldlo.songdta_ps4...
			[3/32] Processing ud_headswillroll.songdta_ps4...
			[4/32] Processing mufa_dt_girls.songdta_ps4...
			[5/32] Processing talkshow.songdta_ps4...
			[6/32] Processing backtoblack.songdta_ps4...
			[7/32] Processing tdotrownjim.songdta_ps4...
			[8/32] Processing dulllifeyyy.songdta_ps4...
			[9/32] Processing klop_mexico.songdta_ps4...
			[10/32] Processing incubus_annamolly.songdta_ps4...
			[11/32] Processing o749107468_keepmoving_jung.songdta_ps4...
			[12/32] Processing incubusnewskin.songdta_ps4...
			[13/32] Processing consequencev2.songdta_ps4...
			[14/32] Processing ud_yeahyeahyeahsong.songdta_ps4...
			[15/32] Processing acrowleftversion2_rb3con.songdta_ps4...
			[16/32] Processing bbmegalomaniacv1.songdta_ps4...
			[17/32] Processing nicetoknowyounoghost.songdta_ps4...
			[18/32] Processing incnewskin.songdta_ps4...
			[19/32] Processing youknowimnogood.songdta_ps4...
			[20/32] Processing pricelessjim.songdta_ps4...
			[21/32] Processing klop_skinnylittlegirl_fb.songdta_ps4...
			[22/32] Processing aw_loveisalosinggame_v1.songdta_ps4...
			[23/32] Processing incubusecho.songdta_ps4...
			[24/32] Processing incubuscircles.songdta_ps4...
			[25/32] Processing backon74_alig.songdta_ps4...
			[26/32] Processing nicetoknowyoughost.songdta_ps4...
			[27/32] Processing incubusntky.songdta_ps4...
			[28/32] Processing yyy_pin12.29.24v1.songdta_ps4...
			[29/32] Processing junglelove_v1.songdta_ps4...
			[30/32] Processing dingo_fattyboomboomv1.songdta_ps4...
			[31/32] Processing byebyebye.songdta_ps4...
			[32/32] Processing ud_zero.songdta_ps4...
			Done. Extracted 32 songs.
			Writing to /workspace/rb4_temp/metadata_UP8802-CUSA02084_00-CREQ2604P13INCYA.json...
			Done!
		Extracted 32 songs
		[4/4] Cleaning up extraction files...
	✓ Done: UP8802-CUSA02084_00-CREQ2604P13INCYA.pkg
	Cleaned up UP8802-CUSA02084_00-CREQ2604P13INCYA.pkg to free space
Progress: 38% (38/98 PKGs) | Total songs: 261
[39/98] Fetching: UP8802-CUSA02084_00-CREQ2604P14KTSIA.pkg
[39/98] Processing: UP8802-CUSA02084_00-CREQ2604P14KTSIA.pkg
		[1/4] Extracting: UP8802-CUSA02084_00-CREQ2604P14KTSIA.pkg
		[2/4] Extracting PFS image...
		[3/4] Extracting song data from PFS...
			Extracting in parallel...
			Found 5 .songdta_ps4 files to process...
			[1/5] Processing chandelier.songdta_ps4...
			[2/5] Processing cheapthrills.songdta_ps4...
			[3/5] Processing o793365825_touch_katseye.songdta_ps4...
			[4/5] Processing thegreatest.songdta_ps4...
			[5/5] Processing o275487678_thegreatestftke.songdta_ps4...
			Done. Extracted 5 songs.
			Writing to /workspace/rb4_temp/metadata_UP8802-CUSA02084_00-CREQ2604P14KTSIA.json...
			Done!
		Extracted 5 songs
		[4/4] Cleaning up extraction files...
	✓ Done: UP8802-CUSA02084_00-CREQ2604P14KTSIA.pkg
	Cleaned up UP8802-CUSA02084_00-CREQ2604P14KTSIA.pkg to free space
Progress: 39% (39/98 PKGs) | Total songs: 266
[40/98] Fetching: UP8802-CUSA02084_00-CREQ2604P15MISCS.pkg
[40/98] Processing: UP8802-CUSA02084_00-CREQ2604P15MISCS.pkg
		[1/4] Extracting: UP8802-CUSA02084_00-CREQ2604P15MISCS.pkg
		[2/4] Extracting PFS image...
		[3/4] Extracting song data from PFS...
			Extracting in parallel...
			Found 120 .songdta_ps4 files to process...
			[1/120] Processing blackpearlpirates.songdta_ps4...
			[2/120] Processing o881002332.songdta_ps4...
			[3/120] Processing dnpg_thoe.songdta_ps4...
			[4/120] Processing ineedadoctordr.dreftv3.5.songdta_ps4...
			[5/120] Processing intheend_tc_byaldoenv.songdta_ps4...
			[6/120] Processing themonster.songdta_ps4...
			[7/120] Processing nlaatc.songdta_ps4...
			[8/120] Processing analysetcbyaenv.songdta_ps4...
			[9/120] Processing npisaidit.songdta_ps4...
			[10/120] Processing momsspaghetti_wip_v1.songdta_ps4...
			[11/120] Processing bp_stanv3.songdta_ps4...
			[12/120] Processing mufa_gonnawalk.songdta_ps4...
			[13/120] Processing franzferdinandthisfire.songdta_ps4...
			[14/120] Processing franzferdinandwalkv3.songdta_ps4...
			[15/120] Processing dreamslive1994.songdta_ps4...
			[16/120] Processing fugg_aiwfciy.songdta_ps4...
			[17/120] Processing loseyourselfv1v1.songdta_ps4...
			[18/120] Processing o62028132_theblackpearl_di.songdta_ps4...
			[19/120] Processing evil.songdta_ps4...
			[20/120] Processing tilltheend.songdta_ps4...
			[21/120] Processing withoutme.songdta_ps4...
			[22/120] Processing ff_bullet_v1.songdta_ps4...
			[23/120] Processing mufa_giveitbacktoyou.songdta_ps4...
			[24/120] Processing dpmakeaman.songdta_ps4...
			[25/120] Processing whytcbyaldoenv.songdta_ps4...
			[26/120] Processing bnlmilliondollarsv4.songdta_ps4...
			[27/120] Processing bnljanev2.songdta_ps4...
			[28/120] Processing bellebab.songdta_ps4...
			[29/120] Processing barenakedcallanswerv1.songdta_ps4...
			[30/120] Processing animalinstinct_rb3byaldoen.songdta_ps4...
			[31/120] Processing hesapiratepirates.songdta_ps4...
			[32/120] Processing huntrxgolden.songdta_ps4...
			[33/120] Processing noneedtoargue.songdta_ps4...
			[34/120] Processing countingcrowsannabegins.songdta_ps4...
			[35/120] Processing einsteinonthebeach.songdta_ps4...
			[36/120] Processing o499399192_diewithasmile_b.songdta_ps4...
			[37/120] Processing ducktales1987.songdta_ps4...
			[38/120] Processing berzerk_v4.songdta_ps4...
			[39/120] Processing bnlitsonlymev1.songdta_ps4...
			[40/120] Processing wontbackdowntruce.songdta_ps4...
			[41/120] Processing everlife_lookthroughmyeyes.songdta_ps4...
			[42/120] Processing mufa_oarshattered.songdta_ps4...
			[43/120] Processing allovernowaldoenv.songdta_ps4...
			[44/120] Processing forgotaboutdre.songdta_ps4...
			[45/120] Processing mufa_bestdamnfriend.songdta_ps4...
			[46/120] Processing leecheve6.songdta_ps4...
			[47/120] Processing mrjones_pv1.songdta_ps4...
			[48/120] Processing crackabottleeminem.songdta_ps4...
			[49/120] Processing dingo_freev1.songdta_ps4...
			[50/120] Processing msjacksonkris.songdta_ps4...
			[51/120] Processing tgs_thisisme.songdta_ps4...
			[52/120] Processing foreverdraketruce.songdta_ps4...
			[53/120] Processing noyougirls_v1.songdta_ps4...
			[54/120] Processing mulan_teistateen_v15.songdta_ps4...
			[55/120] Processing legacy.songdta_ps4...
			[56/120] Processing o121342090_michael_franzfe.songdta_ps4...
			[57/120] Processing o527074020.songdta_ps4...
			[58/120] Processing o328732308_salvation_thecr.songdta_ps4...
			[59/120] Processing countingcrowsroundhere.songdta_ps4...
			[60/120] Processing 5bearrugs.songdta_ps4...
			[61/120] Processing tcemptyaenv.songdta_ps4...
			[62/120] Processing ef_gs_neverenough.songdta_ps4...
			[63/120] Processing fogboundpirates.songdta_ps4...
			[64/120] Processing imyourvillainmgm_f.songdta_ps4...
			[65/120] Processing undertheseav2.songdta_ps4...
			[66/120] Processing o578024228.songdta_ps4...
			[67/120] Processing tillicollapsetruce.songdta_ps4...
			[68/120] Processing joe_tcbyaenv.songdta_ps4...
			[69/120] Processing ffulyssesv2.songdta_ps4...
			[70/120] Processing ugc_5004173.songdta_ps4...
			[71/120] Processing ud_thefallen.songdta_ps4...
			[72/120] Processing o338008886_colorblind_coun.songdta_ps4...
			[73/120] Processing evileye_v1.songdta_ps4...
			[74/120] Processing mufa_oddsare.songdta_ps4...
			[75/120] Processing bp_stancleanv2.songdta_ps4...
			[76/120] Processing mufa_oarheygirl.songdta_ps4...
			[77/120] Processing franzferdinanddartsv2.songdta_ps4...
			[78/120] Processing disneygirls_bb.songdta_ps4...
			[79/120] Processing holdon_v1.songdta_ps4...
			[80/120] Processing disney_cndrrts.songdta_ps4...
			[81/120] Processing untilibleed.songdta_ps4...
			[82/120] Processing aenvjustmyimagination.songdta_ps4...
			[83/120] Processing eminem_venom.songdta_ps4...
			[84/120] Processing tgse_thegreatestshowv2.songdta_ps4...
			[85/120] Processing iciclemeltsv03.songdta_ps4...
			[86/120] Processing ugc_5006199.songdta_ps4...
			[87/120] Processing ugc_5006197.songdta_ps4...
			[88/120] Processing loveandmemoriescat.songdta_ps4...
			[89/120] Processing fckoff_full.songdta_ps4...
			[90/120] Processing gh&gw_cs.songdta_ps4...
			[91/120] Processing animal.songdta_ps4...
			[92/120] Processing o848294908_mockingbird_emi.songdta_ps4...
			[93/120] Processing longdecember_v1.songdta_ps4...
			[94/120] Processing lovetheway.songdta_ps4...
			[95/120] Processing theoldapartment_v1.songdta_ps4...
			[96/120] Processing o547622208_hesapirate_disn.songdta_ps4...
			[97/120] Processing loseyourself.songdta_ps4...
			[98/120] Processing thecranberriesdreamingmydr.songdta_ps4...
			[99/120] Processing friendinme_randy.songdta_ps4...
			[100/120] Processing b5-waotbbw.songdta_ps4...
			[101/120] Processing carouselofprogress.songdta_ps4...
			[102/120] Processing heffalumps.songdta_ps4...
			[103/120] Processing bnl_onelittleslip.songdta_ps4...
			[104/120] Processing tc_zombie_byaenv.songdta_ps4...
			[105/120] Processing godzillaprov3.songdta_ps4...
			[106/120] Processing itsallbeendone.songdta_ps4...
			[107/120] Processing godzilla.songdta_ps4...
			[108/120] Processing bnlpinchmev2.songdta_ps4...
			[109/120] Processing bnl_getinlinev1.songdta_ps4...
			[110/120] Processing beautyatbeastmrmet.songdta_ps4...
			[111/120] Processing mufa_testing123.songdta_ps4...
			[112/120] Processing ugc_5004569.songdta_ps4...
			[113/120] Processing damage.songdta_ps4...
			[114/120] Processing illusionbyaldoenvmx.songdta_ps4...
			[115/120] Processing dreamscoverbyaenv.songdta_ps4...
			[116/120] Processing uncertaintc.songdta_ps4...
			[117/120] Processing tcthemrb3.songdta_ps4...
			[118/120] Processing gollywhataday.songdta_ps4...
			[119/120] Processing o774935701_golden_huntrx.songdta_ps4...
			[120/120] Processing franzmatineev4.songdta_ps4...
			Done. Extracted 120 songs.
			Writing to /workspace/rb4_temp/metadata_UP8802-CUSA02084_00-CREQ2604P15MISCS.json...
			Done!
		Extracted 120 songs
		[4/4] Cleaning up extraction files...
	✓ Done: UP8802-CUSA02084_00-CREQ2604P15MISCS.pkg
	Cleaned up UP8802-CUSA02084_00-CREQ2604P15MISCS.pkg to free space
Progress: 40% (40/98 PKGs) | Total songs: 386
[41/98] Fetching: UP8802-CUSA02084_00-CREQ2604P16MISCS.pkg
[41/98] Processing: UP8802-CUSA02084_00-CREQ2604P16MISCS.pkg
		[1/4] Extracting: UP8802-CUSA02084_00-CREQ2604P16MISCS.pkg
		[2/4] Extracting PFS image...
		[3/4] Extracting song data from PFS...
			Extracting in parallel...
			Found 10 .songdta_ps4 files to process...
			[1/10] Processing o61846594_sodapopspanish_s.songdta_ps4...
			[2/10] Processing o328244543_fathersday_cg5.songdta_ps4...
			[3/10] Processing o430128616_jinuslament_jin.songdta_ps4...
			[4/10] Processing new_moneyfornothing.songdta_ps4...
			[5/10] Processing o642767137_youridol_sajabo.songdta_ps4...
			[6/10] Processing o609264207_takedown_huntrx.songdta_ps4...
			[7/10] Processing o954167522_sodapop_sajaboy.songdta_ps4...
			[8/10] Processing o478259962_angelsofthesile.songdta_ps4...
			[9/10] Processing katseye_gnarly.songdta_ps4...
			[10/10] Processing o643822093_thewolffeatcami.songdta_ps4...
			Done. Extracted 10 songs.
			Writing to /workspace/rb4_temp/metadata_UP8802-CUSA02084_00-CREQ2604P16MISCS.json...
			Done!
		Extracted 10 songs
		[4/4] Cleaning up extraction files...
	✓ Done: UP8802-CUSA02084_00-CREQ2604P16MISCS.pkg
	Cleaned up UP8802-CUSA02084_00-CREQ2604P16MISCS.pkg to free space
Progress: 41% (41/98 PKGs) | Total songs: 396
[42/98] Fetching: UP8802-CUSA02084_00-CREQ2604P16STROK.pkg
[42/98] Processing: UP8802-CUSA02084_00-CREQ2604P16STROK.pkg
		[1/4] Extracting: UP8802-CUSA02084_00-CREQ2604P16STROK.pkg
		[2/4] Extracting PFS image...
		[3/4] Extracting song data from PFS...
			Extracting in parallel...
			Found 45 .songdta_ps4 files to process...
			[1/45] Processing o87204379_isthisit_thestro.songdta_ps4...
			[2/45] Processing strokes_undercontrol.songdta_ps4...
			[3/45] Processing takenforafool.songdta_ps4...
			[4/45] Processing notthesameanymore.songdta_ps4...
			[5/45] Processing strokes_moderngirls.songdta_ps4...
			[6/45] Processing yolo_rhythm.songdta_ps4...
			[7/45] Processing o35717119_barelylegal_thes.songdta_ps4...
			[8/45] Processing o224137394_tryingyourluck.songdta_ps4...
			[9/45] Processing strokes_whateverhappened.songdta_ps4...
			[10/45] Processing tkofhappinessjim.songdta_ps4...
			[11/45] Processing machupicchu.songdta_ps4...
			[12/45] Processing strokes_threatofjoy.songdta_ps4...
			[13/45] Processing selfless.songdta_ps4...
			[14/45] Processing tapoutjim.songdta_ps4...
			[15/45] Processing strokes_whenitstarted.songdta_ps4...
			[16/45] Processing wtj.songdta_ps4...
			[17/45] Processing o178068265_newyorkcitycops.songdta_ps4...
			[18/45] Processing o812492858_alonetogether_t.songdta_ps4...
			[19/45] Processing kam_razorblade3_con.songdta_ps4...
			[20/45] Processing lastnite.songdta_ps4...
			[21/45] Processing strokes_meetme.songdta_ps4...
			[22/45] Processing isthisitv3.songdta_ps4...
			[23/45] Processing strokes_youtalkwaytoomuch.songdta_ps4...
			[24/45] Processing ud_adultsaretalking.songdta_ps4...
			[25/45] Processing meetmeinthebathroommgmv0.songdta_ps4...
			[26/45] Processing strokes_1251.songdta_ps4...
			[27/45] Processing o427158052_lastnite_thestr.songdta_ps4...
			[28/45] Processing o694708784_takeitorleaveit.songdta_ps4...
			[29/45] Processing strokes_automaticstop.songdta_ps4...
			[30/45] Processing izeoftheworld.songdta_ps4...
			[31/45] Processing o404184269_hardtoexplain_t.songdta_ps4...
			[32/45] Processing strokes_theendhasnoend.songdta_ps4...
			[33/45] Processing strokes_hawaii.songdta_ps4...
			[34/45] Processing strokes_thewayitis.songdta_ps4...
			[35/45] Processing kam_strokes_vod1_con.songdta_ps4...
			[36/45] Processing brooklynbridge_strokes.songdta_ps4...
			[37/45] Processing o337772680_someday_thestro.songdta_ps4...
			[38/45] Processing juicebox.songdta_ps4...
			[39/45] Processing strokes_betweenlove.songdta_ps4...
			[40/45] Processing o646251520_themodernage_th.songdta_ps4...
			[41/45] Processing strokes_icantwin_con.songdta_ps4...
			[42/45] Processing strokes_odetothemets.songdta_ps4...
			[43/45] Processing o578516428_soma_thestrokes.songdta_ps4...
			[44/45] Processing redlightjim.songdta_ps4...
			[45/45] Processing kam_strokes_hiac2_con.songdta_ps4...
			Done. Extracted 45 songs.
			Writing to /workspace/rb4_temp/metadata_UP8802-CUSA02084_00-CREQ2604P16STROK.json...
			Done!
		Extracted 45 songs
		[4/4] Cleaning up extraction files...
	✓ Done: UP8802-CUSA02084_00-CREQ2604P16STROK.pkg
	Cleaned up UP8802-CUSA02084_00-CREQ2604P16STROK.pkg to free space
Progress: 42% (42/98 PKGs) | Total songs: 441
[43/98] Fetching: UP8802-CUSA02084_00-CREQ2604P17WRDAL.pkg
[43/98] Processing: UP8802-CUSA02084_00-CREQ2604P17WRDAL.pkg
		[1/4] Extracting: UP8802-CUSA02084_00-CREQ2604P17WRDAL.pkg
		[2/4] Extracting PFS image...
		[3/4] Extracting song data from PFS...
			Extracting in parallel...
			Found 79 .songdta_ps4 files to process...
			[1/79] Processing sheepqueen_cnr.songdta_ps4...
			[2/79] Processing virusalert.songdta_ps4...
			[3/79] Processing foilway.songdta_ps4...
			[4/79] Processing yourepitiful_v1.songdta_ps4...
			[5/79] Processing wheniwasyourage.songdta_ps4...
			[6/79] Processing sheepqueen_weirdalstar_rb3.songdta_ps4...
			[7/79] Processing sybgv2.songdta_ps4...
			[8/79] Processing hardware.songdta_ps4...
			[9/79] Processing cavitysearch.songdta_ps4...
			[10/79] Processing naturetrailtohell.songdta_ps4...
			[11/79] Processing franks2000tv.songdta_ps4...
			[12/79] Processing jurassicpark.songdta_ps4...
			[13/79] Processing tacky.songdta_ps4...
			[14/79] Processing irememberlarry.songdta_ps4...
			[15/79] Processing dogeatdog.songdta_ps4...
			[16/79] Processing wannaburlovr.songdta_ps4...
			[17/79] Processing amishparadisev2.songdta_ps4...
			[18/79] Processing youmakeme.songdta_ps4...
			[19/79] Processing way_sixwordslong_pvh.songdta_ps4...
			[20/79] Processing couchpotatov2.songdta_ps4...
			[21/79] Processing goodolddays.songdta_ps4...
			[22/79] Processing thesagabegins.songdta_ps4...
			[23/79] Processing likeasurgeon.songdta_ps4...
			[24/79] Processing thebiggestballoftwineinmin.songdta_ps4...
			[25/79] Processing melanie.songdta_ps4...
			[26/79] Processing happybirthday.songdta_ps4...
			[27/79] Processing aotrahfpnm.songdta_ps4...
			[28/79] Processing youngdumbandugly.songdta_ps4...
			[29/79] Processing imsosickofyou.songdta_ps4...
			[30/79] Processing hookedonpolkas.songdta_ps4...
			[31/79] Processing albuquerque.songdta_ps4...
			[32/79] Processing ifthatisntlove.songdta_ps4...
			[33/79] Processing itsallaboutthepentiums_v2.songdta_ps4...
			[34/79] Processing daretobestupid.songdta_ps4...
			[35/79] Processing oh_trigger_happy.songdta_ps4...
			[36/79] Processing weirdtrappeddrive.songdta_ps4...
			[37/79] Processing oneofthosedays.songdta_ps4...
			[38/79] Processing ik_canadianidiot_v4.songdta_ps4...
			[39/79] Processing truckdrivinsong.songdta_ps4...
			[40/79] Processing ricky.songdta_ps4...
			[41/79] Processing ridesthebus.songdta_ps4...
			[42/79] Processing eatit.songdta_ps4...
			[43/79] Processing yoda_v1.songdta_ps4...
			[44/79] Processing thisisthelife.songdta_ps4...
			[45/79] Processing genericblues.songdta_ps4...
			[46/79] Processing thechecksinthemail.songdta_ps4...
			[47/79] Processing whydoesthisalwayshappentom.songdta_ps4...
			[48/79] Processing rockyroad.songdta_ps4...
			[49/79] Processing ilostonjeopardy.songdta_ps4...
			[50/79] Processing prettyflyforarabbi.songdta_ps4...
			[51/79] Processing callininsick.songdta_ps4...
			[52/79] Processing addictedtospuds_v1.songdta_ps4...
			[53/79] Processing firstworldproblems.songdta_ps4...
			[54/79] Processing waffleking.songdta_ps4...
			[55/79] Processing iwasonlykidding.songdta_ps4...
			[56/79] Processing acomplicatedsong.songdta_ps4...
			[57/79] Processing smellslikenirvana.songdta_ps4...
			[58/79] Processing letmebeyourhog.songdta_ps4...
			[59/79] Processing bohemianpolka.songdta_ps4...
			[60/79] Processing velvetelvis.songdta_ps4...
			[61/79] Processing christmasagz.songdta_ps4...
			[62/79] Processing midnightstar.songdta_ps4...
			[63/79] Processing gump.songdta_ps4...
			[64/79] Processing thenightsanta.songdta_ps4...
			[65/79] Processing polkaface.songdta_ps4...
			[66/79] Processing way_foil_pvh.songdta_ps4...
			[67/79] Processing goodenoughfornow.songdta_ps4...
			[68/79] Processing polkapower.songdta_ps4...
			[69/79] Processing illsueya.songdta_ps4...
			[70/79] Processing onemoreminute.songdta_ps4...
			[71/79] Processing way_mfnbeverlyhillbillies.songdta_ps4...
			[72/79] Processing polkayoureyesout.songdta_ps4...
			[73/79] Processing heresjohnny.songdta_ps4...
			[74/79] Processing youdontloveme.songdta_ps4...
			[75/79] Processing nowthatspolka.songdta_ps4...
			[76/79] Processing lasagna.songdta_ps4...
			[77/79] Processing horoscope4today.songdta_ps4...
			[78/79] Processing everythingyouknowiswrong.songdta_ps4...
			[79/79] Processing gif.songdta_ps4...
			Done. Extracted 79 songs.
			Writing to /workspace/rb4_temp/metadata_UP8802-CUSA02084_00-CREQ2604P17WRDAL.json...
			Done!
		Extracted 79 songs
		[4/4] Cleaning up extraction files...
	✓ Done: UP8802-CUSA02084_00-CREQ2604P17WRDAL.pkg
	Cleaned up UP8802-CUSA02084_00-CREQ2604P17WRDAL.pkg to free space
Progress: 43% (43/98 PKGs) | Total songs: 520
[44/98] Fetching: UP8802-CUSA02084_00-CREQ2604P18FIXED.pkg
[44/98] Processing: UP8802-CUSA02084_00-CREQ2604P18FIXED.pkg
		[1/4] Extracting: UP8802-CUSA02084_00-CREQ2604P18FIXED.pkg
		[2/4] Extracting PFS image...
		[3/4] Extracting song data from PFS...
			Extracting in parallel...
			Found 186 .songdta_ps4 files to process...
			[1/186] Processing o929951875_aplaceformyhead.songdta_ps4...
			[2/186] Processing o770939765_uninvited_alani.songdta_ps4...
			[3/186] Processing o825236430_theredbetterbea.songdta_ps4...
			[4/186] Processing o873211953_allfornothingft.songdta_ps4...
			[5/186] Processing o206761405_qwerty_linkinpa.songdta_ps4...
			[6/186] Processing o492857618_arabella_arctic.songdta_ps4...
			[7/186] Processing o292084379_thatswhereyoure.songdta_ps4...
			[8/186] Processing o15361355_massive_linkinpa.songdta_ps4...
			[9/186] Processing o957115848_partofme9trackd.songdta_ps4...
			[10/186] Processing o602807875_amber_311.songdta_ps4...
			[11/186] Processing o759073800_hitthefloor_lin.songdta_ps4...
			[12/186] Processing o233670307_mydecember_link.songdta_ps4...
			[13/186] Processing o675591707_ptsofathrty_lin.songdta_ps4...
			[14/186] Processing o894705110_burningintheski.songdta_ps4...
			[15/186] Processing o718127849_downwiththesick.songdta_ps4...
			[16/186] Processing o378750331_prettyvisitors.songdta_ps4...
			[17/186] Processing o974544514_babygotback_sir.songdta_ps4...
			[18/186] Processing o468024726_debris_linkinpa.songdta_ps4...
			[19/186] Processing o750793940_shadesofcool_la.songdta_ps4...
			[20/186] Processing o355116921_thecatalyst2010.songdta_ps4...
			[21/186] Processing o735622536_asbestosminutes.songdta_ps4...
			[22/186] Processing o221938424_itsaheartache_b.songdta_ps4...
			[23/186] Processing o864274096_skintobone_link.songdta_ps4...
			[24/186] Processing o613485431_disfordangerous.songdta_ps4...
			[25/186] Processing o479550976_rumine_arcticmo.songdta_ps4...
			[26/186] Processing o687501487_everything_alan.songdta_ps4...
			[27/186] Processing o676201770_nowiseewithyoud.songdta_ps4...
			[28/186] Processing o251678278_figure09_linkin.songdta_ps4...
			[29/186] Processing o276619124_shiptowreck_flo.songdta_ps4...
			[30/186] Processing o378939909_tiktok_richardc.songdta_ps4...
			[31/186] Processing o353933775_down_311.songdta_ps4...
			[32/186] Processing o394508411_runningupthathi.songdta_ps4...
			[33/186] Processing o465668449_getfree_lanadel.songdta_ps4...
			[34/186] Processing o14353358_yellowledbetter.songdta_ps4...
			[35/186] Processing o141775885_letyoufade_link.songdta_ps4...
			[36/186] Processing o947867886_fromtheritztoth.songdta_ps4...
			[37/186] Processing o730441835_battlesymphony.songdta_ps4...
			[38/186] Processing o351853822_themessenger_li.songdta_ps4...
			[39/186] Processing o708251368_cryinglightning.songdta_ps4...
			[40/186] Processing o136930818_iridescent_link.songdta_ps4...
			[41/186] Processing o945890200_wake_linkinpark.songdta_ps4...
			[42/186] Processing o179137940_nomoresorrow_li.songdta_ps4...
			[43/186] Processing o65887561_wisdomjusticeand.songdta_ps4...
			[44/186] Processing o177604494_tranquilitybase.songdta_ps4...
			[45/186] Processing o827470682_whatwedontknowu.songdta_ps4...
			[46/186] Processing o792980200_marinersapartme.songdta_ps4...
			[47/186] Processing o343903627_cumulus2002demo.songdta_ps4...
			[48/186] Processing o799080733_rebellionftdaro.songdta_ps4...
			[49/186] Processing o910062798_wastelands_link.songdta_ps4...
			[50/186] Processing o409442312_love_lanadelrey.songdta_ps4...
			[51/186] Processing o706513107_fromtheinside_l.songdta_ps4...
			[52/186] Processing o974100068_thelittlethings.songdta_ps4...
			[53/186] Processing o666647504_acrosstheline_l.songdta_ps4...
			[54/186] Processing o842501478_pointsofauthori.songdta_ps4...
			[55/186] Processing o107415822_valentinesday_l.songdta_ps4...
			[56/186] Processing o44608562_allmyownstunts_a.songdta_ps4...
			[57/186] Processing o712459985_lyingfromyou_li.songdta_ps4...
			[58/186] Processing o15530014_twofaced_linkinp.songdta_ps4...
			[59/186] Processing o151974378_primoillbegonel.songdta_ps4...
			[60/186] Processing o29676874_powerless_linkin.songdta_ps4...
			[61/186] Processing o435683939_highvoltagelive.songdta_ps4...
			[62/186] Processing o36782988_fightingmyself_l.songdta_ps4...
			[63/186] Processing o853053485_cryinglightning.songdta_ps4...
			[64/186] Processing o478063907_mardybum_arctic.songdta_ps4...
			[65/186] Processing o228068992_handinmypocket.songdta_ps4...
			[66/186] Processing o259586204_war_linkinpark.songdta_ps4...
			[67/186] Processing o771659914_onepointperspec.songdta_ps4...
			[68/186] Processing o762596897_chanceofrain200.songdta_ps4...
			[69/186] Processing o166506100_acertainromance.songdta_ps4...
			[70/186] Processing o450517421_domeafavour_arc.songdta_ps4...
			[71/186] Processing o495325147_cutthebridge_li.songdta_ps4...
			[72/186] Processing o860088703_heavyisthecrown.songdta_ps4...
			[73/186] Processing o85294793_haveyoueverseent.songdta_ps4...
			[74/186] Processing o857718643_babygotback_ric.songdta_ps4...
			[75/186] Processing o416032972_itsaheartacherh.songdta_ps4...
			[76/186] Processing o452387740_thebadthing_arc.songdta_ps4...
			[77/186] Processing o896919411_sticknmove_link.songdta_ps4...
			[78/186] Processing o815204730_goodthingsgo_li.songdta_ps4...
			[79/186] Processing o236784776_suckitandsee_ar.songdta_ps4...
			[80/186] Processing o266830924_heartofthehouse.songdta_ps4...
			[81/186] Processing o167319637_26lettazindaalp.songdta_ps4...
			[82/186] Processing o932885950_betweentwolungs.songdta_ps4...
			[83/186] Processing o101643114_roadsuntraveled.songdta_ps4...
			[84/186] Processing o868195519_figure09_linkin.songdta_ps4...
			[85/186] Processing o685726867_leavebeforethel.songdta_ps4...
			[86/186] Processing o455047701_thanku_alanismo.songdta_ps4...
			[87/186] Processing o242820090_inmyremains_lin.songdta_ps4...
			[88/186] Processing o725725846_pushingmeaway_l.songdta_ps4...
			[89/186] Processing o92339207_nobodyslistening.songdta_ps4...
			[90/186] Processing o952314995_igyeih_linkinpa.songdta_ps4...
			[91/186] Processing o212594836_untilitsgone_li.songdta_ps4...
			[92/186] Processing o475672564_thinktwice_eve6.songdta_ps4...
			[93/186] Processing o340762936_ifyouvefoundthi.songdta_ps4...
			[94/186] Processing o672941401_robotboytestmix.songdta_ps4...
			[95/186] Processing o277855049_runaway_linkinp.songdta_ps4...
			[96/186] Processing o376376570_guiltyallthesam.songdta_ps4...
			[97/186] Processing o893943827_slip1998unrelea.songdta_ps4...
			[98/186] Processing o720807160_prettyvisitors.songdta_ps4...
			[99/186] Processing o159985860_thehellcatspang.songdta_ps4...
			[100/186] Processing o84747175_rightthroughyou.songdta_ps4...
			[101/186] Processing o702142986_holdingoutforah.songdta_ps4...
			[102/186] Processing o890920316_leaveoutallther.songdta_ps4...
			[103/186] Processing o644231990_perfect_alanism.songdta_ps4...
			[104/186] Processing o483290164_a6meteora20demo.songdta_ps4...
			[105/186] Processing o896398781_inbetween_linki.songdta_ps4...
			[106/186] Processing o350307972_stained_linkinp.songdta_ps4...
			[107/186] Processing o913819214_overflow_linkin.songdta_ps4...
			[108/186] Processing o677740240_friendlyfire_li.songdta_ps4...
			[109/186] Processing o485992880_getupstandup_bo.songdta_ps4...
			[110/186] Processing o199415741_blackbirds_link.songdta_ps4...
			[111/186] Processing o218594074_fromzerointroth.songdta_ps4...
			[112/186] Processing o672768891_babooshka_kateb.songdta_ps4...
			[113/186] Processing o827576630_blue1998unrelea.songdta_ps4...
			[114/186] Processing o432802579_bymyself_linkin.songdta_ps4...
			[115/186] Processing o469674539_yourhouse_alani.songdta_ps4...
			[116/186] Processing o297829629_curefortheitch.songdta_ps4...
			[117/186] Processing o784075339_thishouseisacir.songdta_ps4...
			[118/186] Processing o842102337_doiwannaknow_ar.songdta_ps4...
			[119/186] Processing o407675288_cornerstone_arc.songdta_ps4...
			[120/186] Processing o199774391_youlearn_alanis.songdta_ps4...
			[121/186] Processing o428750244_thejewellershan.songdta_ps4...
			[122/186] Processing o295799030_noroadsleft_lin.songdta_ps4...
			[123/186] Processing o471844568_whereveryouwill.songdta_ps4...
			[124/186] Processing o768713628_dangerousanimal.songdta_ps4...
			[125/186] Processing o615203380_whenthesungoesd.songdta_ps4...
			[126/186] Processing o134916346_whydyouonlycall.songdta_ps4...
			[127/186] Processing o356704851_beautifuldisast.songdta_ps4...
			[128/186] Processing o785841844_casualty_linkin.songdta_ps4...
			[129/186] Processing o776333771_ibetyoulookgood.songdta_ps4...
			[130/186] Processing o609699427_dancelittleliar.songdta_ps4...
			[131/186] Processing o451772899_awayfromthesun.songdta_ps4...
			[132/186] Processing o224634780_thecatalyst_lin.songdta_ps4...
			[133/186] Processing o330833117_finalmasquerade.songdta_ps4...
			[134/186] Processing o463787600_p5hngmeawy_link.songdta_ps4...
			[135/186] Processing o771184830_dogdaysareover.songdta_ps4...
			[136/186] Processing o736565210_alineinthesand.songdta_ps4...
			[137/186] Processing o359995500_totaleclipseoft.songdta_ps4...
			[138/186] Processing o823681577_peopleshit_rich.songdta_ps4...
			[139/186] Processing o98618442_librarypictures.songdta_ps4...
			[140/186] Processing o23267570_heavyfeatkiiara.songdta_ps4...
			[141/186] Processing o725040966_carousel8trackd.songdta_ps4...
			[142/186] Processing o172715323_withyou_linkinp.songdta_ps4...
			[143/186] Processing o48699288_handsheldhigh_li.songdta_ps4...
			[144/186] Processing o616716122_pushingmeaway_l.songdta_ps4...
			[145/186] Processing o384315380_notthedoctor_al.songdta_ps4...
			[146/186] Processing o299804541_dontstay_linkin.songdta_ps4...
			[147/186] Processing o105537474_wretchesandking.songdta_ps4...
			[148/186] Processing o821358587_morethevictim_l.songdta_ps4...
			[149/186] Processing o318739352_dontsitdowncaus.songdta_ps4...
			[150/186] Processing o803417791_robotboyjornada.songdta_ps4...
			[151/186] Processing o672042337_brokenfoot_link.songdta_ps4...
			[152/186] Processing o923419994_505_arcticmonke.songdta_ps4...
			[153/186] Processing o255079736_recklessserenad.songdta_ps4...
			[154/186] Processing o747308415_inpieces_linkin.songdta_ps4...
			[155/186] Processing o620091350_forgiven_alanis.songdta_ps4...
			[156/186] Processing o376030648_wastelands_link.songdta_ps4...
			[157/186] Processing o708534159_givenup_linkinp.songdta_ps4...
			[158/186] Processing o219946432_westcoast_lanad.songdta_ps4...
			[159/186] Processing o779836067_huskyhitthefloo.songdta_ps4...
			[160/186] Processing o274013414_resolution_link.songdta_ps4...
			[161/186] Processing o234181059_rehab_amywineho.songdta_ps4...
			[162/186] Processing o318829447_whatareyouworth.songdta_ps4...
			[163/186] Processing o140314738_pictureboard_li.songdta_ps4...
			[164/186] Processing o624205333_teddypicker_arc.songdta_ps4...
			[165/186] Processing o107793089_lost_linkinpark.songdta_ps4...
			[166/186] Processing o39113954_faint_linkinpark.songdta_ps4...
			[167/186] Processing o207864747_overeachother_l.songdta_ps4...
			[168/186] Processing o603860072_shesthunderstor.songdta_ps4...
			[169/186] Processing o78924784_liesgreedmisery.songdta_ps4...
			[170/186] Processing o359959194_keystothekingdo.songdta_ps4...
			[171/186] Processing o228031105_illbegone_linki.songdta_ps4...
			[172/186] Processing o251247099_talkintomyself.songdta_ps4...
			[173/186] Processing o761227000_allireallywant.songdta_ps4...
			[174/186] Processing o301582661_untilitbreaks_l.songdta_ps4...
			[175/186] Processing o278283568_brianstorm_arct.songdta_ps4...
			[176/186] Processing o715039707_brickbybrick_ar.songdta_ps4...
			[177/186] Processing o356576688_sofaraway_linki.songdta_ps4...
			[178/186] Processing o88710866_maryjane_alanism.songdta_ps4...
			[179/186] Processing o887271088_wakeup_alanismo.songdta_ps4...
			[180/186] Processing o35109952_castleofglass_li.songdta_ps4...
			[181/186] Processing o183415304_lostintheecho_l.songdta_ps4...
			[182/186] Processing o442195564_twofaced_linkin.songdta_ps4...
			[183/186] Processing o226980904_dustbrotherswit.songdta_ps4...
			[184/186] Processing o704702536_esaul2trackdemo.songdta_ps4...
			[185/186] Processing o326235955_fallofanempirep.songdta_ps4...
			[186/186] Processing o251376960_alightthatnever.songdta_ps4...
			Done. Extracted 186 songs.
			Writing to /workspace/rb4_temp/metadata_UP8802-CUSA02084_00-CREQ2604P18FIXED.json...
			Done!
		Extracted 186 songs
		[4/4] Cleaning up extraction files...
	✓ Done: UP8802-CUSA02084_00-CREQ2604P18FIXED.pkg
	Cleaned up UP8802-CUSA02084_00-CREQ2604P18FIXED.pkg to free space
Progress: 44% (44/98 PKGs) | Total songs: 706
[45/98] Fetching: UP8802-CUSA02084_00-DANAGLOVER000001.pkg
[45/98] Processing: UP8802-CUSA02084_00-DANAGLOVER000001.pkg
		[1/4] Extracting: UP8802-CUSA02084_00-DANAGLOVER000001.pkg
		[2/4] Extracting PFS image...
		[3/4] Extracting song data from PFS...
			Extracting in parallel...
			Found 1 .songdta_ps4 files to process...
			[1/1] Processing cu_danaglover_itisyou.songdta_ps4...
			Done. Extracted 1 songs.
			Writing to /workspace/rb4_temp/metadata_UP8802-CUSA02084_00-DANAGLOVER000001.json...
			Done!
		Extracted 1 songs
		[4/4] Cleaning up extraction files...
	✓ Done: UP8802-CUSA02084_00-DANAGLOVER000001.pkg
	Cleaned up UP8802-CUSA02084_00-DANAGLOVER000001.pkg to free space
Progress: 45% (45/98 PKGs) | Total songs: 707
[46/98] Fetching: UP8802-CUSA02084_00-DEFLEPPARD000001.pkg
[46/98] Processing: UP8802-CUSA02084_00-DEFLEPPARD000001.pkg
		[1/4] Extracting: UP8802-CUSA02084_00-DEFLEPPARD000001.pkg
		[2/4] Extracting PFS image...
		[3/4] Extracting song data from PFS...
			Extracting in parallel...
			Found 36 .songdta_ps4 files to process...
			[1/36] Processing cu_o185726500_promises_deflep.songdta_ps4...
			[2/36] Processing cu_df_letsgetrocked_d.songdta_ps4...
			[3/36] Processing cu_defleppardarmageddonit.songdta_ps4...
			[4/36] Processing cu_defleppardtoolatev2.songdta_ps4...
			[5/36] Processing cu_o520573371_switch625_defle.songdta_ps4...
			[6/36] Processing cu_dl_ringoffire.songdta_ps4...
			[7/36] Processing cu_dl_love.songdta_ps4...
			[8/36] Processing cu_o434159706.songdta_ps4...
			[9/36] Processing cu_dl_letsgo.songdta_ps4...
			[10/36] Processing cu_defleppardrockrockv2.songdta_ps4...
			[11/36] Processing cu_defleppard_slang.songdta_ps4...
			[12/36] Processing cu_dl_cmoncmon.songdta_ps4...
			[13/36] Processing cu_o495856190.songdta_ps4...
			[14/36] Processing cu_dl_wingsofanangel.songdta_ps4...
			[15/36] Processing cu_defleppard_kick.songdta_ps4...
			[16/36] Processing cu_dl_webelong.songdta_ps4...
			[17/36] Processing cu_dl_demolitionman.songdta_ps4...
			[18/36] Processing cu_dl_women.songdta_ps4...
			[19/36] Processing cu_dl_action.songdta_ps4...
			[20/36] Processing cu_o139465742_nomatterwhat_de.songdta_ps4...
			[21/36] Processing cu_defleppard_godsofwar.songdta_ps4...
			[22/36] Processing cu_o365533143.songdta_ps4...
			[23/36] Processing cu_dl_iaab.songdta_ps4...
			[24/36] Processing cu_defleppardrocket.songdta_ps4...
			[25/36] Processing cu_dl_wheredoeslovego.songdta_ps4...
			[26/36] Processing cu_o193457639.songdta_ps4...
			[27/36] Processing cu_dl_longwaytogo.songdta_ps4...
			[28/36] Processing cu_hysteria.songdta_ps4...
			[29/36] Processing cu_o926461130.songdta_ps4...
			[30/36] Processing cu_o874280806_manenough_defle.songdta_ps4...
			[31/36] Processing cu_deffbupluvandhate69doc.songdta_ps4...
			[32/36] Processing cu_df_youresobeautiful.songdta_ps4...
			[33/36] Processing cu_dl_runriot.songdta_ps4...
			[34/36] Processing cu_o336198357.songdta_ps4...
			[35/36] Processing cu_poursomesugaronme.songdta_ps4...
			[36/36] Processing cu_leppardlovebites.songdta_ps4...
			Done. Extracted 36 songs.
			Writing to /workspace/rb4_temp/metadata_UP8802-CUSA02084_00-DEFLEPPARD000001.json...
			Done!
		Extracted 36 songs
		[4/4] Cleaning up extraction files...
	✓ Done: UP8802-CUSA02084_00-DEFLEPPARD000001.pkg
	Cleaned up UP8802-CUSA02084_00-DEFLEPPARD000001.pkg to free space
Progress: 46% (46/98 PKGs) | Total songs: 743
[47/98] Fetching: UP8802-CUSA02084_00-DEFLEPPARD000002.pkg
[47/98] Processing: UP8802-CUSA02084_00-DEFLEPPARD000002.pkg
		[1/4] Extracting: UP8802-CUSA02084_00-DEFLEPPARD000002.pkg
		[2/4] Extracting PFS image...
		[3/4] Extracting song data from PFS...
			Extracting in parallel...
			Found 1 .songdta_ps4 files to process...
			[1/1] Processing cu_dl_everyday.songdta_ps4...
			Done. Extracted 1 songs.
			Writing to /workspace/rb4_temp/metadata_UP8802-CUSA02084_00-DEFLEPPARD000002.json...
			Done!
		Extracted 1 songs
		[4/4] Cleaning up extraction files...
	✓ Done: UP8802-CUSA02084_00-DEFLEPPARD000002.pkg
	Cleaned up UP8802-CUSA02084_00-DEFLEPPARD000002.pkg to free space
Progress: 47% (47/98 PKGs) | Total songs: 744
[48/98] Fetching: UP8802-CUSA02084_00-DELISTEDRBSONGS1.pkg
[48/98] Processing: UP8802-CUSA02084_00-DELISTEDRBSONGS1.pkg
		[1/4] Extracting: UP8802-CUSA02084_00-DELISTEDRBSONGS1.pkg
		[2/4] Extracting PFS image...
		[3/4] Extracting song data from PFS...
			Extracting in parallel...
			Found 6 .songdta_ps4 files to process...
			[1/6] Processing cu_bsp.songdta_ps4...
			[2/6] Processing cu_jawywi.songdta_ps4...
			[3/6] Processing cu_mes.songdta_ps4...
			[4/6] Processing cu_magma.songdta_ps4...
			[5/6] Processing cu_mb.songdta_ps4...
			[6/6] Processing cu_acdcltbe.songdta_ps4...
			Done. Extracted 6 songs.
			Writing to /workspace/rb4_temp/metadata_UP8802-CUSA02084_00-DELISTEDRBSONGS1.json...
			Done!
		Extracted 6 songs
		[4/4] Cleaning up extraction files...
	✓ Done: UP8802-CUSA02084_00-DELISTEDRBSONGS1.pkg
	Cleaned up UP8802-CUSA02084_00-DELISTEDRBSONGS1.pkg to free space
Progress: 48% (48/98 PKGs) | Total songs: 750
[49/98] Fetching: UP8802-CUSA02084_00-DIRESTRAITS00001.pkg
[49/98] Processing: UP8802-CUSA02084_00-DIRESTRAITS00001.pkg
		[1/4] Extracting: UP8802-CUSA02084_00-DIRESTRAITS00001.pkg
		[2/4] Extracting PFS image...
		[3/4] Extracting song data from PFS...
			Extracting in parallel...
			Found 3 .songdta_ps4 files to process...
			[1/3] Processing cu_romeoandjuliet.songdta_ps4...
			[2/3] Processing cu_new_moneyfornothing.songdta_ps4...
			[3/3] Processing cu_sultansofswingv3.songdta_ps4...
			Done. Extracted 3 songs.
			Writing to /workspace/rb4_temp/metadata_UP8802-CUSA02084_00-DIRESTRAITS00001.json...
			Done!
		Extracted 3 songs
		[4/4] Cleaning up extraction files...
	✓ Done: UP8802-CUSA02084_00-DIRESTRAITS00001.pkg
	Cleaned up UP8802-CUSA02084_00-DIRESTRAITS00001.pkg to free space
Progress: 50% (49/98 PKGs) | Total songs: 753
[50/98] Fetching: UP8802-CUSA02084_00-DISTURBED0000001.pkg
[50/98] Processing: UP8802-CUSA02084_00-DISTURBED0000001.pkg
		[1/4] Extracting: UP8802-CUSA02084_00-DISTURBED0000001.pkg
		[2/4] Extracting PFS image...
		[3/4] Extracting song data from PFS...
			Extracting in parallel...
			Found 3 .songdta_ps4 files to process...
			[1/3] Processing cu_disturbed_holdontomemories.songdta_ps4...
			[2/3] Processing cu_disturbed_stronger.songdta_ps4...
			[3/3] Processing cu_disturbed_reasontofight.songdta_ps4...
			Done. Extracted 3 songs.
			Writing to /workspace/rb4_temp/metadata_UP8802-CUSA02084_00-DISTURBED0000001.json...
			Done!
		Extracted 3 songs
		[4/4] Cleaning up extraction files...
	✓ Done: UP8802-CUSA02084_00-DISTURBED0000001.pkg
	Cleaned up UP8802-CUSA02084_00-DISTURBED0000001.pkg to free space
Progress: 51% (50/98 PKGs) | Total songs: 756
[51/98] Fetching: UP8802-CUSA02084_00-DOUBLEDRIVE00001.pkg
[51/98] Processing: UP8802-CUSA02084_00-DOUBLEDRIVE00001.pkg
		[1/4] Extracting: UP8802-CUSA02084_00-DOUBLEDRIVE00001.pkg
		[2/4] Extracting PFS image...
		[3/4] Extracting song data from PFS...
			Extracting in parallel...
			Found 1 .songdta_ps4 files to process...
			[1/1] Processing cu_doubledrive_mexicanradio.songdta_ps4...
			Done. Extracted 1 songs.
			Writing to /workspace/rb4_temp/metadata_UP8802-CUSA02084_00-DOUBLEDRIVE00001.json...
			Done!
		Extracted 1 songs
		[4/4] Cleaning up extraction files...
	✓ Done: UP8802-CUSA02084_00-DOUBLEDRIVE00001.pkg
	Cleaned up UP8802-CUSA02084_00-DOUBLEDRIVE00001.pkg to free space
Progress: 52% (51/98 PKGs) | Total songs: 757
[52/98] Fetching: UP8802-CUSA02084_00-DUANEEDDY0000001.pkg
[52/98] Processing: UP8802-CUSA02084_00-DUANEEDDY0000001.pkg
		[1/4] Extracting: UP8802-CUSA02084_00-DUANEEDDY0000001.pkg
		[2/4] Extracting PFS image...
		[3/4] Extracting song data from PFS...
			Extracting in parallel...
			Found 2 .songdta_ps4 files to process...
			[1/2] Processing cu_duaneeddy_petergunn.songdta_ps4...
			[2/2] Processing cu_o607349232_ghostridersinth.songdta_ps4...
			Done. Extracted 2 songs.
			Writing to /workspace/rb4_temp/metadata_UP8802-CUSA02084_00-DUANEEDDY0000001.json...
			Done!
		Extracted 2 songs
		[4/4] Cleaning up extraction files...
	✓ Done: UP8802-CUSA02084_00-DUANEEDDY0000001.pkg
	Cleaned up UP8802-CUSA02084_00-DUANEEDDY0000001.pkg to free space
Progress: 53% (52/98 PKGs) | Total songs: 759
[53/98] Fetching: UP8802-CUSA02084_00-EISBRECHER000001.pkg
[53/98] Processing: UP8802-CUSA02084_00-EISBRECHER000001.pkg
		[1/4] Extracting: UP8802-CUSA02084_00-EISBRECHER000001.pkg
		[2/4] Extracting PFS image...
		[3/4] Extracting song data from PFS...
			Extracting in parallel...
			Found 1 .songdta_ps4 files to process...
			[1/1] Processing cu_eisbrecher_leider.songdta_ps4...
			Done. Extracted 1 songs.
			Writing to /workspace/rb4_temp/metadata_UP8802-CUSA02084_00-EISBRECHER000001.json...
			Done!
		Extracted 1 songs
		[4/4] Cleaning up extraction files...
	✓ Done: UP8802-CUSA02084_00-EISBRECHER000001.pkg
	Cleaned up UP8802-CUSA02084_00-EISBRECHER000001.pkg to free space
Progress: 54% (53/98 PKGs) | Total songs: 760
[54/98] Fetching: UP8802-CUSA02084_00-ELVIS00000000001.pkg
[54/98] Processing: UP8802-CUSA02084_00-ELVIS00000000001.pkg
		[1/4] Extracting: UP8802-CUSA02084_00-ELVIS00000000001.pkg
		[2/4] Extracting PFS image...
		[3/4] Extracting song data from PFS...
			Extracting in parallel...
			Found 13 .songdta_ps4 files to process...
			[1/13] Processing cu_dontbcruelelvisdoc69.songdta_ps4...
			[2/13] Processing cu_bluesuedeshoes.songdta_ps4...
			[3/13] Processing cu_littlelessconversation.songdta_ps4...
			[4/13] Processing cu_jailhouserock.songdta_ps4...
			[5/13] Processing cu_canthelp.songdta_ps4...
			[6/13] Processing cu_alwaysonmymindkris.songdta_ps4...
			[7/13] Processing cu_moodybluef.songdta_ps4...
			[8/13] Processing cu_theghettoelvisrobdoc.songdta_ps4...
			[9/13] Processing cu_hounddogf.songdta_ps4...
			[10/13] Processing cu_devilindisguisef.songdta_ps4...
			[11/13] Processing cu_elvisburninglove.songdta_ps4...
			[12/13] Processing cu_doclittlesiselvis69fb.songdta_ps4...
			[13/13] Processing cu_elvis_comebackmed.songdta_ps4...
			Done. Extracted 13 songs.
			Writing to /workspace/rb4_temp/metadata_UP8802-CUSA02084_00-ELVIS00000000001.json...
			Done!
		Extracted 13 songs
		[4/4] Cleaning up extraction files...
	✓ Done: UP8802-CUSA02084_00-ELVIS00000000001.pkg
	Cleaned up UP8802-CUSA02084_00-ELVIS00000000001.pkg to free space
Progress: 55% (54/98 PKGs) | Total songs: 773
[55/98] Fetching: UP8802-CUSA02084_00-ESTEBAN000000001.pkg
[55/98] Processing: UP8802-CUSA02084_00-ESTEBAN000000001.pkg
		[1/4] Extracting: UP8802-CUSA02084_00-ESTEBAN000000001.pkg
		[2/4] Extracting PFS image...
		[3/4] Extracting song data from PFS...
			Extracting in parallel...
			Found 1 .songdta_ps4 files to process...
			[1/1] Processing cu_esteban_malaguena.songdta_ps4...
			Done. Extracted 1 songs.
			Writing to /workspace/rb4_temp/metadata_UP8802-CUSA02084_00-ESTEBAN000000001.json...
			Done!
		Extracted 1 songs
		[4/4] Cleaning up extraction files...
	✓ Done: UP8802-CUSA02084_00-ESTEBAN000000001.pkg
	Cleaned up UP8802-CUSA02084_00-ESTEBAN000000001.pkg to free space
Progress: 56% (55/98 PKGs) | Total songs: 774
[56/98] Fetching: UP8802-CUSA02084_00-FLORIDAGEORGIALI.pkg
[56/98] Processing: UP8802-CUSA02084_00-FLORIDAGEORGIALI.pkg
		[1/4] Extracting: UP8802-CUSA02084_00-FLORIDAGEORGIALI.pkg
		[2/4] Extracting PFS image...
		[3/4] Extracting song data from PFS...
			Extracting in parallel...
			Found 2 .songdta_ps4 files to process...
			[1/2] Processing cu_o977169849_sundaze_florida.songdta_ps4...
			[2/2] Processing cu_krhowwerollfglinelukbrydoc.songdta_ps4...
			Done. Extracted 2 songs.
			Writing to /workspace/rb4_temp/metadata_UP8802-CUSA02084_00-FLORIDAGEORGIALI.json...
			Done!
		Extracted 2 songs
		[4/4] Cleaning up extraction files...
	✓ Done: UP8802-CUSA02084_00-FLORIDAGEORGIALI.pkg
	Cleaned up UP8802-CUSA02084_00-FLORIDAGEORGIALI.pkg to free space
Progress: 57% (56/98 PKGs) | Total songs: 776
[57/98] Fetching: UP8802-CUSA02084_00-GDRBGREENDAYPASS-A0000-V0100.pkg
[57/98] Processing: UP8802-CUSA02084_00-GDRBGREENDAYPASS-A0000-V0100.pkg
		[1/4] Extracting: UP8802-CUSA02084_00-GDRBGREENDAYPASS-A0000-V0100.pkg
		[2/4] Extracting PFS image...
		[3/4] Extracting song data from PFS...
			Extracting in parallel...
			Found 44 .songdta_ps4 files to process...
			[1/44] Processing murdercity.songdta_ps4...
			[2/44] Processing longview.songdta_ps4...
			[3/44] Processing brainstewjaded.songdta_ps4...
			[4/44] Processing basketcase.songdta_ps4...
			[5/44] Processing holiday.songdta_ps4...
			[6/44] Processing pullingteeth.songdta_ps4...
			[7/44] Processing fod.songdta_ps4...
			[8/44] Processing chump.songdta_ps4...
			[9/44] Processing americaneulogy.songdta_ps4...
			[10/44] Processing novacaineshesarebel.songdta_ps4...
			[11/44] Processing seethelight.songdta_ps4...
			[12/44] Processing she.songdta_ps4...
			[13/44] Processing sassafrasroots.songdta_ps4...
			[14/44] Processing lastnightonearth.songdta_ps4...
			[15/44] Processing minority.songdta_ps4...
			[16/44] Processing goodriddance.songdta_ps4...
			[17/44] Processing hitchinaride.songdta_ps4...
			[18/44] Processing letterbomb.songdta_ps4...
			[19/44] Processing welcometoparadise.songdta_ps4...
			[20/44] Processing wakemeup.songdta_ps4...
			[21/44] Processing homecoming.songdta_ps4...
			[22/44] Processing songofthecentury.songdta_ps4...
			[23/44] Processing niceguys.songdta_ps4...
			[24/44] Processing lobotomy.songdta_ps4...
			[25/44] Processing havingablast.songdta_ps4...
			[26/44] Processing extraordinarygirl.songdta_ps4...
			[27/44] Processing whatsername.songdta_ps4...
			[28/44] Processing warning.songdta_ps4...
			[29/44] Processing emeniussleepus.songdta_ps4...
			[30/44] Processing 21stcenturybreakdown.songdta_ps4...
			[31/44] Processing americanidiot.songdta_ps4...
			[32/44] Processing intheend.songdta_ps4...
			[33/44] Processing boulevardof.songdta_ps4...
			[34/44] Processing comingclean.songdta_ps4...
			[35/44] Processing restlessheart.songdta_ps4...
			[36/44] Processing jesusofsuburbia.songdta_ps4...
			[37/44] Processing horseshoes.songdta_ps4...
			[38/44] Processing peacemaker.songdta_ps4...
			[39/44] Processing burnout.songdta_ps4...
			[40/44] Processing littlegirl.songdta_ps4...
			[41/44] Processing thestaticage.songdta_ps4...
			[42/44] Processing arewethewaitingstjimmy.songdta_ps4...
			[43/44] Processing geekstink.songdta_ps4...
			[44/44] Processing whenicomearound.songdta_ps4...
			Done. Extracted 44 songs.
			Writing to /workspace/rb4_temp/metadata_UP8802-CUSA02084_00-GDRBGREENDAYPASS-A0000-V0100.json...
			Done!
		Extracted 44 songs
		[4/4] Cleaning up extraction files...
	✓ Done: UP8802-CUSA02084_00-GDRBGREENDAYPASS-A0000-V0100.pkg
	Cleaned up UP8802-CUSA02084_00-GDRBGREENDAYPASS-A0000-V0100.pkg to free space
Progress: 58% (57/98 PKGs) | Total songs: 820
[58/98] Fetching: UP8802-CUSA02084_00-GLENCAMPBELL0001.pkg
[58/98] Processing: UP8802-CUSA02084_00-GLENCAMPBELL0001.pkg
		[1/4] Extracting: UP8802-CUSA02084_00-GLENCAMPBELL0001.pkg
		[2/4] Extracting PFS image...
		[3/4] Extracting song data from PFS...
			Extracting in parallel...
			Found 1 .songdta_ps4 files to process...
			[1/1] Processing cu_glencampbell_sundoshine.songdta_ps4...
			Done. Extracted 1 songs.
			Writing to /workspace/rb4_temp/metadata_UP8802-CUSA02084_00-GLENCAMPBELL0001.json...
			Done!
		Extracted 1 songs
		[4/4] Cleaning up extraction files...
	✓ Done: UP8802-CUSA02084_00-GLENCAMPBELL0001.pkg
	Cleaned up UP8802-CUSA02084_00-GLENCAMPBELL0001.pkg to free space
Progress: 59% (58/98 PKGs) | Total songs: 821
[59/98] Fetching: UP8802-CUSA02084_00-GRANTKIRKHOPE001.pkg
[59/98] Processing: UP8802-CUSA02084_00-GRANTKIRKHOPE001.pkg
		[1/4] Extracting: UP8802-CUSA02084_00-GRANTKIRKHOPE001.pkg
		[2/4] Extracting PFS image...
		[3/4] Extracting song data from PFS...
			Extracting in parallel...
			Found 23 .songdta_ps4 files to process...
			[1/23] Processing cu_gk_rustybucketbayrj.songdta_ps4...
			[2/23] Processing cu_gk_mumbosmountainrj.songdta_ps4...
			[3/23] Processing cu_gk_clickclockwoodrj.songdta_ps4...
			[4/23] Processing cu_gk_madmonstermansion.songdta_ps4...
			[5/23] Processing cu_gk_treasuretrovecoverj.songdta_ps4...
			[6/23] Processing cu_o424641945_mumbosmountain.songdta_ps4...
			[7/23] Processing cu_gk_clankerscavern.songdta_ps4...
			[8/23] Processing cu_gk_madmonstermansionrj.songdta_ps4...
			[9/23] Processing cu_gk_spiralmountain.songdta_ps4...
			[10/23] Processing cu_gk_rustybucketbay.songdta_ps4...
			[11/23] Processing cu_gk_spiralmountainrj.songdta_ps4...
			[12/23] Processing cu_gk_bubblegloopswamp.songdta_ps4...
			[13/23] Processing cu_gk_maintheme.songdta_ps4...
			[14/23] Processing cu_gk_treasuretrovecove.songdta_ps4...
			[15/23] Processing cu_gk_freezeezypeak.songdta_ps4...
			[16/23] Processing cu_gk_bubblegloopswamprj.songdta_ps4...
			[17/23] Processing cu_gk_finalbattle.songdta_ps4...
			[18/23] Processing cu_gk_gobisvalleyrj.songdta_ps4...
			[19/23] Processing cu_gk_clickclockwoodspring.songdta_ps4...
			[20/23] Processing cu_o38823057_gruntysfurnacefu.songdta_ps4...
			[21/23] Processing cu_bk_gruntildaslair.songdta_ps4...
			[22/23] Processing cu_gk_freezeezypeakrj.songdta_ps4...
			[23/23] Processing cu_gk_ending.songdta_ps4...
			Done. Extracted 23 songs.
			Writing to /workspace/rb4_temp/metadata_UP8802-CUSA02084_00-GRANTKIRKHOPE001.json...
			Done!
		Extracted 23 songs
		[4/4] Cleaning up extraction files...
	✓ Done: UP8802-CUSA02084_00-GRANTKIRKHOPE001.pkg
	Cleaned up UP8802-CUSA02084_00-GRANTKIRKHOPE001.pkg to free space
Progress: 60% (59/98 PKGs) | Total songs: 844
[60/98] Fetching: UP8802-CUSA02084_00-GREENDAY00000001.pkg
[60/98] Processing: UP8802-CUSA02084_00-GREENDAY00000001.pkg
		[1/4] Extracting: UP8802-CUSA02084_00-GREENDAY00000001.pkg
		[2/4] Extracting PFS image...
		[3/4] Extracting song data from PFS...
			Extracting in parallel...
			Found 1 .songdta_ps4 files to process...
			[1/1] Processing cu_greenday_espionage.songdta_ps4...
			Done. Extracted 1 songs.
			Writing to /workspace/rb4_temp/metadata_UP8802-CUSA02084_00-GREENDAY00000001.json...
			Done!
		Extracted 1 songs
		[4/4] Cleaning up extraction files...
	✓ Done: UP8802-CUSA02084_00-GREENDAY00000001.pkg
	Cleaned up UP8802-CUSA02084_00-GREENDAY00000001.pkg to free space
Progress: 61% (60/98 PKGs) | Total songs: 845
[61/98] Fetching: UP8802-CUSA02084_00-HAMILTONDMUSICAL.pkg
[61/98] Processing: UP8802-CUSA02084_00-HAMILTONDMUSICAL.pkg
		[1/4] Extracting: UP8802-CUSA02084_00-HAMILTONDMUSICAL.pkg
		[2/4] Extracting PFS image...
		[3/4] Extracting song data from PFS...
			Extracting in parallel...
			Found 53 .songdta_ps4 files to process...
			[1/53] Processing ef_ham_trp.songdta_ps4...
			[2/53] Processing ef_ham_sotr.songdta_ps4...
			[3/53] Processing ef_ham_adams.songdta_ps4...
			[4/53] Processing ef_ham_congrats_c3x.songdta_ps4...
			[5/53] Processing ef_ham_twbe.songdta_ps4...
			[6/53] Processing ef_ham_twwwe.songdta_ps4...
			[7/53] Processing ef_ham_trwih.songdta_ps4...
			[8/53] Processing ef_ham_eo1800.songdta_ps4...
			[9/53] Processing ef_ham_staya.songdta_ps4...
			[10/53] Processing ef_ham_bowbow.songdta_ps4...
			[11/53] Processing ef_ham_cb2.songdta_ps4...
			[12/53] Processing ef_ham_mmi.songdta_ps4...
			[13/53] Processing ef_ham_abs.songdta_ps4...
			[14/53] Processing ef_ham_part1.songdta_ps4...
			[15/53] Processing ef_ham_farmer.songdta_ps4...
			[16/53] Processing ef_ham_iknowhim.songdta_ps4...
			[17/53] Processing ef_ham_schudef.songdta_ps4...
			[18/53] Processing ef_ham_olt.songdta_ps4...
			[19/53] Processing ef_ham_myshot.songdta_ps4...
			[20/53] Processing ef_ham_tdc.songdta_ps4...
			[21/53] Processing ef_ham_buaa.songdta_ps4...
			[22/53] Processing ef_ham_yos.songdta_ps4...
			[23/53] Processing ef_ham_weknow.songdta_ps4...
			[24/53] Processing ef_ham_stayrep.songdta_ps4...
			[25/53] Processing ef_ham_iqu.songdta_ps4...
			[26/53] Processing ef_ham_satisfied.songdta_ps4...
			[27/53] Processing ef_ham_yorktown.songdta_ps4...
			[28/53] Processing ef_ham_burn.songdta_ps4...
			[29/53] Processing ef_ham_ybb.songdta_ps4...
			[30/53] Processing ef_ham_deartheo.songdta_ps4...
			[31/53] Processing ef_ham_part3.songdta_ps4...
			[32/53] Processing ef_ham_cb1.songdta_ps4...
			[33/53] Processing ef_ham_part4.songdta_ps4...
			[34/53] Processing ef_ham_gunsship.songdta_ps4...
			[35/53] Processing ef_ham_part2.songdta_ps4...
			[36/53] Processing ef_ham_waitfi.songdta_ps4...
			[37/53] Processing ef_ham_helpless.songdta_ps4...
			[38/53] Processing ef_ham_nonstop.songdta_ps4...
			[39/53] Processing ef_ham_tab.songdta_ps4...
			[40/53] Processing ef_ham_sntt.songdta_ps4...
			[41/53] Processing ef_ham_schuysis.songdta_ps4...
			[42/53] Processing obc_yorktown.songdta_ps4...
			[43/53] Processing ef_ham_alexh.songdta_ps4...
			[44/53] Processing ef_ham_righthm.songdta_ps4...
			[45/53] Processing ef_ham_whatm.songdta_ps4...
			[46/53] Processing ef_ham_hhieoy.songdta_ps4...
			[47/53] Processing ef_ham_wlwd.songdta_ps4...
			[48/53] Processing ef_ham_hurri.songdta_ps4...
			[49/53] Processing ef_ham_tsot.songdta_ps4...
			[50/53] Processing ef_ham_washoys.songdta_ps4...
			[51/53] Processing alexanderhamilton.songdta_ps4...
			[52/53] Processing ef_ham_wcn.songdta_ps4...
			[53/53] Processing ef_ham_awb.songdta_ps4...
			Done. Extracted 53 songs.
			Writing to /workspace/rb4_temp/metadata_UP8802-CUSA02084_00-HAMILTONDMUSICAL.json...
			Done!
		Extracted 53 songs
		[4/4] Cleaning up extraction files...
	✓ Done: UP8802-CUSA02084_00-HAMILTONDMUSICAL.pkg
	Cleaned up UP8802-CUSA02084_00-HAMILTONDMUSICAL.pkg to free space
Progress: 62% (61/98 PKGs) | Total songs: 898
[62/98] Fetching: UP8802-CUSA02084_00-HEAT000000000001.pkg
[62/98] Processing: UP8802-CUSA02084_00-HEAT000000000001.pkg
		[1/4] Extracting: UP8802-CUSA02084_00-HEAT000000000001.pkg
		[2/4] Extracting PFS image...
		[3/4] Extracting song data from PFS...
			Extracting in parallel...
			Found 1 .songdta_ps4 files to process...
			[1/1] Processing cu_heat_bestofthebroken.songdta_ps4...
			Done. Extracted 1 songs.
			Writing to /workspace/rb4_temp/metadata_UP8802-CUSA02084_00-HEAT000000000001.json...
			Done!
		Extracted 1 songs
		[4/4] Cleaning up extraction files...
	✓ Done: UP8802-CUSA02084_00-HEAT000000000001.pkg
	Cleaned up UP8802-CUSA02084_00-HEAT000000000001.pkg to free space
Progress: 63% (62/98 PKGs) | Total songs: 899
[63/98] Fetching: UP8802-CUSA02084_00-IMAGINEDRAGONS01.pkg
[63/98] Processing: UP8802-CUSA02084_00-IMAGINEDRAGONS01.pkg
		[1/4] Extracting: UP8802-CUSA02084_00-IMAGINEDRAGONS01.pkg
		[2/4] Extracting PFS image...
		[3/4] Extracting song data from PFS...
			Extracting in parallel...
			Found 2 .songdta_ps4 files to process...
			[1/2] Processing cu_o848413901_battlecry_imagi.songdta_ps4...
			[2/2] Processing cu_demonsmang0edit.songdta_ps4...
			Done. Extracted 2 songs.
			Writing to /workspace/rb4_temp/metadata_UP8802-CUSA02084_00-IMAGINEDRAGONS01.json...
			Done!
		Extracted 2 songs
		[4/4] Cleaning up extraction files...
	✓ Done: UP8802-CUSA02084_00-IMAGINEDRAGONS01.pkg
	Cleaned up UP8802-CUSA02084_00-IMAGINEDRAGONS01.pkg to free space
Progress: 64% (63/98 PKGs) | Total songs: 901
[64/98] Fetching: UP8802-CUSA02084_00-JEREMYRENNER0001.pkg
[64/98] Processing: UP8802-CUSA02084_00-JEREMYRENNER0001.pkg
		[1/4] Extracting: UP8802-CUSA02084_00-JEREMYRENNER0001.pkg
		[2/4] Extracting PFS image...
		[3/4] Extracting song data from PFS...
			Extracting in parallel...
			Found 1 .songdta_ps4 files to process...
			[1/1] Processing cu_jr_mainattraction.songdta_ps4...
			Done. Extracted 1 songs.
			Writing to /workspace/rb4_temp/metadata_UP8802-CUSA02084_00-JEREMYRENNER0001.json...
			Done!
		Extracted 1 songs
		[4/4] Cleaning up extraction files...
	✓ Done: UP8802-CUSA02084_00-JEREMYRENNER0001.pkg
	Cleaned up UP8802-CUSA02084_00-JEREMYRENNER0001.pkg to free space
Progress: 65% (64/98 PKGs) | Total songs: 902
[65/98] Fetching: UP8802-CUSA02084_00-JIMGUTHRIE000001.pkg
[65/98] Processing: UP8802-CUSA02084_00-JIMGUTHRIE000001.pkg
		[1/4] Extracting: UP8802-CUSA02084_00-JIMGUTHRIE000001.pkg
		[2/4] Extracting PFS image...
		[3/4] Extracting song data from PFS...
			Extracting in parallel...
			Found 1 .songdta_ps4 files to process...
			[1/1] Processing cu_jjipsen_lightinusall.songdta_ps4...
			Done. Extracted 1 songs.
			Writing to /workspace/rb4_temp/metadata_UP8802-CUSA02084_00-JIMGUTHRIE000001.json...
			Done!
		Extracted 1 songs
		[4/4] Cleaning up extraction files...
	✓ Done: UP8802-CUSA02084_00-JIMGUTHRIE000001.pkg
	Cleaned up UP8802-CUSA02084_00-JIMGUTHRIE000001.pkg to free space
Progress: 66% (65/98 PKGs) | Total songs: 903
[66/98] Fetching: UP8802-CUSA02084_00-JOESATRIANI00001.pkg
[66/98] Processing: UP8802-CUSA02084_00-JOESATRIANI00001.pkg
		[1/4] Extracting: UP8802-CUSA02084_00-JOESATRIANI00001.pkg
		[2/4] Extracting PFS image...
		[3/4] Extracting song data from PFS...
			Extracting in parallel...
			Found 1 .songdta_ps4 files to process...
			[1/1] Processing cu_joesatriani_smokinjoe.songdta_ps4...
			Done. Extracted 1 songs.
			Writing to /workspace/rb4_temp/metadata_UP8802-CUSA02084_00-JOESATRIANI00001.json...
			Done!
		Extracted 1 songs
		[4/4] Cleaning up extraction files...
	✓ Done: UP8802-CUSA02084_00-JOESATRIANI00001.pkg
	Cleaned up UP8802-CUSA02084_00-JOESATRIANI00001.pkg to free space
Progress: 67% (66/98 PKGs) | Total songs: 904
[67/98] Fetching: UP8802-CUSA02084_00-JOHNMAYER0000001.pkg
[67/98] Processing: UP8802-CUSA02084_00-JOHNMAYER0000001.pkg
		[1/4] Extracting: UP8802-CUSA02084_00-JOHNMAYER0000001.pkg
		[2/4] Extracting PFS image...
		[3/4] Extracting song data from PFS...
			Extracting in parallel...
			Found 2 .songdta_ps4 files to process...
			[1/2] Processing cu_jm_say.songdta_ps4...
			[2/2] Processing cu_johnmayer_bodyiswonderland.songdta_ps4...
			Done. Extracted 2 songs.
			Writing to /workspace/rb4_temp/metadata_UP8802-CUSA02084_00-JOHNMAYER0000001.json...
			Done!
		Extracted 2 songs
		[4/4] Cleaning up extraction files...
	✓ Done: UP8802-CUSA02084_00-JOHNMAYER0000001.pkg
	Cleaned up UP8802-CUSA02084_00-JOHNMAYER0000001.pkg to free space
Progress: 68% (67/98 PKGs) | Total songs: 906
[68/98] Fetching: UP8802-CUSA02084_00-LEGOROCKBANDPASS-A0000-V0100.pkg
[68/98] Processing: UP8802-CUSA02084_00-LEGOROCKBANDPASS-A0000-V0100.pkg
		[1/4] Extracting: UP8802-CUSA02084_00-LEGOROCKBANDPASS-A0000-V0100.pkg
		[2/4] Extracting PFS image...
		[3/4] Extracting song data from PFS...
			Extracting in parallel...
			Found 45 .songdta_ps4 files to process...
			[1/45] Processing crocodilerock.songdta_ps4...
			[2/45] Processing checkyesjuliet.songdta_ps4...
			[3/45] Processing grace.songdta_ps4...
			[4/45] Processing stumbleandfall.songdta_ps4...
			[5/45] Processing realwildchild.songdta_ps4...
			[6/45] Processing freefallin.songdta_ps4...
			[7/45] Processing swingswing.songdta_ps4...
			[8/45] Processing thefinalcountdown.songdta_ps4...
			[9/45] Processing wearethechampions2.songdta_ps4...
			[10/45] Processing apunk.songdta_ps4...
			[11/45] Processing sowhat.songdta_ps4...
			[12/45] Processing summerof69.songdta_ps4...
			[13/45] Processing wordup.songdta_ps4...
			[14/45] Processing yougiveloveabadname2.songdta_ps4...
			[15/45] Processing twoprinces.songdta_ps4...
			[16/45] Processing kungfufighting.songdta_ps4...
			[17/45] Processing thepassenger.songdta_ps4...
			[18/45] Processing aliensexist.songdta_ps4...
			[19/45] Processing crash.songdta_ps4...
			[20/45] Processing naive.songdta_ps4...
			[21/45] Processing shortandsweet.songdta_ps4...
			[22/45] Processing song2.songdta_ps4...
			[23/45] Processing fire.songdta_ps4...
			[24/45] Processing accidentallyinlove.songdta_ps4...
			[25/45] Processing iwantyouback.songdta_ps4...
			[26/45] Processing dreamingofyou.songdta_ps4...
			[27/45] Processing girlsandboys.songdta_ps4...
			[28/45] Processing dig.songdta_ps4...
			[29/45] Processing rideawhiteswan.songdta_ps4...
			[30/45] Processing breakout.songdta_ps4...
			[31/45] Processing wewillrockyou2.songdta_ps4...
			[32/45] Processing walkingonsunshine.songdta_ps4...
			[33/45] Processing ticktickboom.songdta_ps4...
			[34/45] Processing suddenlyisee.songdta_ps4...
			[35/45] Processing ghostbusters.songdta_ps4...
			[36/45] Processing intoodeep.songdta_ps4...
			[37/45] Processing everylittlething.songdta_ps4...
			[38/45] Processing ruby.songdta_ps4...
			[39/45] Processing valerie.songdta_ps4...
			[40/45] Processing monster.songdta_ps4...
			[41/45] Processing makemesmile.songdta_ps4...
			[42/45] Processing letsdance.songdta_ps4...
			[43/45] Processing rooftops.songdta_ps4...
			[44/45] Processing thunder.songdta_ps4...
			[45/45] Processing lifeisahighway.songdta_ps4...
			Done. Extracted 45 songs.
			Writing to /workspace/rb4_temp/metadata_UP8802-CUSA02084_00-LEGOROCKBANDPASS-A0000-V0100.json...
			Done!
		Extracted 45 songs
		[4/4] Cleaning up extraction files...
	✓ Done: UP8802-CUSA02084_00-LEGOROCKBANDPASS-A0000-V0100.pkg
	Cleaned up UP8802-CUSA02084_00-LEGOROCKBANDPASS-A0000-V0100.pkg to free space
Progress: 69% (68/98 PKGs) | Total songs: 951
[69/98] Fetching: UP8802-CUSA02084_00-NICKELODEON00001.pkg
[69/98] Processing: UP8802-CUSA02084_00-NICKELODEON00001.pkg
		[1/4] Extracting: UP8802-CUSA02084_00-NICKELODEON00001.pkg
		[2/4] Extracting PFS image...
		[3/4] Extracting song data from PFS...
			Extracting in parallel...
			Found 1 .songdta_ps4 files to process...
			[1/1] Processing cu_nickelodeon_mondomountain.songdta_ps4...
			Done. Extracted 1 songs.
			Writing to /workspace/rb4_temp/metadata_UP8802-CUSA02084_00-NICKELODEON00001.json...
			Done!
		Extracted 1 songs
		[4/4] Cleaning up extraction files...
	✓ Done: UP8802-CUSA02084_00-NICKELODEON00001.pkg
	Cleaned up UP8802-CUSA02084_00-NICKELODEON00001.pkg to free space
Progress: 70% (69/98 PKGs) | Total songs: 952
[70/98] Fetching: UP8802-CUSA02084_00-NINTENDO00000001.pkg
[70/98] Processing: UP8802-CUSA02084_00-NINTENDO00000001.pkg
		[1/4] Extracting: UP8802-CUSA02084_00-NINTENDO00000001.pkg
		[2/4] Extracting PFS image...
		[3/4] Extracting song data from PFS...
			Extracting in parallel...
			Found 2 .songdta_ps4 files to process...
			[1/2] Processing cu_o257270717_rainbowroad_nin.songdta_ps4...
			[2/2] Processing cu_o455195774_marioparty1them.songdta_ps4...
			Done. Extracted 2 songs.
			Writing to /workspace/rb4_temp/metadata_UP8802-CUSA02084_00-NINTENDO00000001.json...
			Done!
		Extracted 2 songs
		[4/4] Cleaning up extraction files...
	✓ Done: UP8802-CUSA02084_00-NINTENDO00000001.pkg
	Cleaned up UP8802-CUSA02084_00-NINTENDO00000001.pkg to free space
Progress: 71% (70/98 PKGs) | Total songs: 954
[71/98] Fetching: UP8802-CUSA02084_00-PINBALLMADNESS30.pkg
[71/98] Processing: UP8802-CUSA02084_00-PINBALLMADNESS30.pkg
		[1/4] Extracting: UP8802-CUSA02084_00-PINBALLMADNESS30.pkg
		[2/4] Extracting PFS image...
		[3/4] Extracting song data from PFS...
			Extracting in parallel...
			Found 1 .songdta_ps4 files to process...
			[1/1] Processing cu_o844353659_meanmachines_pi.songdta_ps4...
			Done. Extracted 1 songs.
			Writing to /workspace/rb4_temp/metadata_UP8802-CUSA02084_00-PINBALLMADNESS30.json...
			Done!
		Extracted 1 songs
		[4/4] Cleaning up extraction files...
	✓ Done: UP8802-CUSA02084_00-PINBALLMADNESS30.pkg
	Cleaned up UP8802-CUSA02084_00-PINBALLMADNESS30.pkg to free space
Progress: 72% (71/98 PKGs) | Total songs: 955
[72/98] Fetching: UP8802-CUSA02084_00-PLAINWHITETS0001.pkg
[72/98] Processing: UP8802-CUSA02084_00-PLAINWHITETS0001.pkg
		[1/4] Extracting: UP8802-CUSA02084_00-PLAINWHITETS0001.pkg
		[2/4] Extracting PFS image...
		[3/4] Extracting song data from PFS...
			Extracting in parallel...
			Found 1 .songdta_ps4 files to process...
			[1/1] Processing cu_o439707410_underdogrock_pl.songdta_ps4...
			Done. Extracted 1 songs.
			Writing to /workspace/rb4_temp/metadata_UP8802-CUSA02084_00-PLAINWHITETS0001.json...
			Done!
		Extracted 1 songs
		[4/4] Cleaning up extraction files...
	✓ Done: UP8802-CUSA02084_00-PLAINWHITETS0001.pkg
	Cleaned up UP8802-CUSA02084_00-PLAINWHITETS0001.pkg to free space
Progress: 73% (72/98 PKGs) | Total songs: 956
[73/98] Fetching: UP8802-CUSA02084_00-RB1ROCKBAND1PASS-A0000-V0100.pkg
[73/98] Processing: UP8802-CUSA02084_00-RB1ROCKBAND1PASS-A0000-V0100.pkg
		[1/4] Extracting: UP8802-CUSA02084_00-RB1ROCKBAND1PASS-A0000-V0100.pkg
		[2/4] Extracting PFS image...
		[3/4] Extracting song data from PFS...
			Extracting in parallel...
			Found 55 .songdta_ps4 files to process...
			[1/55] Processing maps.songdta_ps4...
			[2/55] Processing shouldistay.songdta_ps4...
			[3/55] Processing wontgetfooled.songdta_ps4...
			[4/55] Processing gowiththeflow.songdta_ps4...
			[5/55] Processing inbloom.songdta_ps4...
			[6/55] Processing imsosick.songdta_ps4...
			[7/55] Processing ballroomblitz.songdta_ps4...
			[8/55] Processing detroitrockcity.songdta_ps4...
			[9/55] Processing highwaystar.songdta_ps4...
			[10/55] Processing ithinkimparanoid.songdta_ps4...
			[11/55] Processing timmy.songdta_ps4...
			[12/55] Processing mainoffender.songdta_ps4...
			[13/55] Processing gimmeshelter.songdta_ps4...
			[14/55] Processing dontfearthereaper.songdta_ps4...
			[15/55] Processing foreplaylongtime.songdta_ps4...
			[16/55] Processing sabotage.songdta_ps4...
			[17/55] Processing trainkeptarollin.songdta_ps4...
			[18/55] Processing orangecrush.songdta_ps4...
			[19/55] Processing daylatedollarshort.songdta_ps4...
			[20/55] Processing 29fingers.songdta_ps4...
			[21/55] Processing blooddoll.songdta_ps4...
			[22/55] Processing outside.songdta_ps4...
			[23/55] Processing whenyouwereyoung.songdta_ps4...
			[24/55] Processing blitzkriegbop.songdta_ps4...
			[25/55] Processing timewehad.songdta_ps4...
			[26/55] Processing nexttoyou.songdta_ps4...
			[27/55] Processing igetby.songdta_ps4...
			[28/55] Processing celebrityskin.songdta_ps4...
			[29/55] Processing danicalifornia.songdta_ps4...
			[30/55] Processing electricversion.songdta_ps4...
			[31/55] Processing waveofmutilation.songdta_ps4...
			[32/55] Processing hereitgoesagain.songdta_ps4...
			[33/55] Processing seven.songdta_ps4...
			[34/55] Processing cantletgo.songdta_ps4...
			[35/55] Processing epic.songdta_ps4...
			[36/55] Processing thehandthatfeeds.songdta_ps4...
			[37/55] Processing creep.songdta_ps4...
			[38/55] Processing learntofly.songdta_ps4...
			[39/55] Processing welcomehome.songdta_ps4...
			[40/55] Processing blackholesun.songdta_ps4...
			[41/55] Processing vasoline.songdta_ps4...
			[42/55] Processing flirtinwithdisaster.songdta_ps4...
			[43/55] Processing deadonarrival.songdta_ps4...
			[44/55] Processing areyougonnabemygirl.songdta_ps4...
			[45/55] Processing wanteddeadoralive2.songdta_ps4...
			[46/55] Processing greengrass.songdta_ps4...
			[47/55] Processing suffragettecity.songdta_ps4...
			[48/55] Processing brainpower.songdta_ps4...
			[49/55] Processing nightmare.songdta_ps4...
			[50/55] Processing pleasure.songdta_ps4...
			[51/55] Processing cherubrock.songdta_ps4...
			[52/55] Processing missqueen.songdta_ps4...
			[53/55] Processing sayitaintso.songdta_ps4...
			[54/55] Processing reptilia.songdta_ps4...
			[55/55] Processing tomsawyer.songdta_ps4...
			Done. Extracted 55 songs.
			Writing to /workspace/rb4_temp/metadata_UP8802-CUSA02084_00-RB1ROCKBAND1PASS-A0000-V0100.json...
			Done!
		Extracted 55 songs
		[4/4] Cleaning up extraction files...
	✓ Done: UP8802-CUSA02084_00-RB1ROCKBAND1PASS-A0000-V0100.pkg
	Cleaned up UP8802-CUSA02084_00-RB1ROCKBAND1PASS-A0000-V0100.pkg to free space
Progress: 74% (73/98 PKGs) | Total songs: 1011
[74/98] Fetching: UP8802-CUSA02084_00-RB2ROCKBAND2PASS-A0000-V0100.pkg
[74/98] Processing: UP8802-CUSA02084_00-RB2ROCKBAND2PASS-A0000-V0100.pkg
		[1/4] Extracting: UP8802-CUSA02084_00-RB2ROCKBAND2PASS-A0000-V0100.pkg
		[2/4] Extracting PFS image...
		[3/4] Extracting song data from PFS...
			Extracting in parallel...
			Found 81 .songdta_ps4 files to process...
			[1/81] Processing yououghtaknow.songdta_ps4...
			[2/81] Processing deluxe.songdta_ps4...
			[3/81] Processing tangledupinblue.songdta_ps4...
			[4/81] Processing newkidinschool.songdta_ps4...
			[5/81] Processing colonyofbirchmen.songdta_ps4...
			[6/81] Processing girlsnotgrey.songdta_ps4...
			[7/81] Processing badreputation.songdta_ps4...
			[8/81] Processing epro.songdta_ps4...
			[9/81] Processing pumpitup.songdta_ps4...
			[10/81] Processing visions.songdta_ps4...
			[11/81] Processing alive.songdta_ps4...
			[12/81] Processing almosteasy.songdta_ps4...
			[13/81] Processing welcometothe.songdta_ps4...
			[14/81] Processing wegotthebeat.songdta_ps4...
			[15/81] Processing thetrees.songdta_ps4...
			[16/81] Processing today.songdta_ps4...
			[17/81] Processing whitewedding.songdta_ps4...
			[18/81] Processing comeoutandplay.songdta_ps4...
			[19/81] Processing pinballwizard.songdta_ps4...
			[20/81] Processing psychokiller.songdta_ps4...
			[21/81] Processing goyourownway.songdta_ps4...
			[22/81] Processing onewayoranother.songdta_ps4...
			[23/81] Processing kidsinamerica.songdta_ps4...
			[24/81] Processing themiddle.songdta_ps4...
			[25/81] Processing thatswhatyouget.songdta_ps4...
			[26/81] Processing alabamagetaway.songdta_ps4...
			[27/81] Processing eyeofthetiger.songdta_ps4...
			[28/81] Processing wheredyougo.songdta_ps4...
			[29/81] Processing carryonwaywardson.songdta_ps4...
			[30/81] Processing conventionallover.songdta_ps4...
			[31/81] Processing nightlies.songdta_ps4...
			[32/81] Processing teenageriot.songdta_ps4...
			[33/81] Processing spiritinthesky.songdta_ps4...
			[34/81] Processing pda.songdta_ps4...
			[35/81] Processing supremegirl.songdta_ps4...
			[36/81] Processing shacklersrevenge.songdta_ps4...
			[37/81] Processing peacesells.songdta_ps4...
			[38/81] Processing roundandround.songdta_ps4...
			[39/81] Processing americanwoman.songdta_ps4...
			[40/81] Processing getclean.songdta_ps4...
			[41/81] Processing drainyou.songdta_ps4...
			[42/81] Processing giveitall.songdta_ps4...
			[43/81] Processing spoonman2.songdta_ps4...
			[44/81] Processing myownworstenemy.songdta_ps4...
			[45/81] Processing maninthebox.songdta_ps4...
			[46/81] Processing coolforcats.songdta_ps4...
			[47/81] Processing ajaggedgorgeouswinter.songdta_ps4...
			[48/81] Processing masterexploder.songdta_ps4...
			[49/81] Processing aqualung.songdta_ps4...
			[50/81] Processing downwiththesickness.songdta_ps4...
			[51/81] Processing giveitaway2.songdta_ps4...
			[52/81] Processing mountainsong.songdta_ps4...
			[53/81] Processing robtheprezodent.songdta_ps4...
			[54/81] Processing lazyeye.songdta_ps4...
			[55/81] Processing panicattack.songdta_ps4...
			[56/81] Processing rebelgirl.songdta_ps4...
			[57/81] Processing everlong.songdta_ps4...
			[58/81] Processing shootingstar.songdta_ps4...
			[59/81] Processing hellothere.songdta_ps4...
			[60/81] Processing nineintheafternoon.songdta_ps4...
			[61/81] Processing lump.songdta_ps4...
			[62/81] Processing hungrylikethewolf.songdta_ps4...
			[63/81] Processing pretendweredead.songdta_ps4...
			[64/81] Processing ramblinman.songdta_ps4...
			[65/81] Processing iwaswrong.songdta_ps4...
			[66/81] Processing floaton.songdta_ps4...
			[67/81] Processing shouldertotheplow.songdta_ps4...
			[68/81] Processing soulsofblack.songdta_ps4...
			[69/81] Processing alexchilton.songdta_ps4...
			[70/81] Processing onestepcloser.songdta_ps4...
			[71/81] Processing feelthepain.songdta_ps4...
			[72/81] Processing livinonaprayer2.songdta_ps4...
			[73/81] Processing rocknme.songdta_ps4...
			[74/81] Processing aceofspades.songdta_ps4...
			[75/81] Processing painkiller.songdta_ps4...
			[76/81] Processing uncontrollableurge.songdta_ps4...
			[77/81] Processing bodhisattva.songdta_ps4...
			[78/81] Processing testify.songdta_ps4...
			[79/81] Processing sowhatchawant.songdta_ps4...
			[80/81] Processing ourtruth.songdta_ps4...
			[81/81] Processing chopsuey.songdta_ps4...
			Done. Extracted 81 songs.
			Writing to /workspace/rb4_temp/metadata_UP8802-CUSA02084_00-RB2ROCKBAND2PASS-A0000-V0100.json...
			Done!
		Extracted 81 songs
		[4/4] Cleaning up extraction files...
	✓ Done: UP8802-CUSA02084_00-RB2ROCKBAND2PASS-A0000-V0100.pkg
	Cleaned up UP8802-CUSA02084_00-RB2ROCKBAND2PASS-A0000-V0100.pkg to free space
Progress: 75% (74/98 PKGs) | Total songs: 1092
[75/98] Fetching: UP8802-CUSA02084_00-RB3ROCKBAND3PASS-A0000-V0100.pkg
[75/98] Processing: UP8802-CUSA02084_00-RB3ROCKBAND3PASS-A0000-V0100.pkg
		[1/4] Extracting: UP8802-CUSA02084_00-RB3ROCKBAND3PASS-A0000-V0100.pkg
		[2/4] Extracting PFS image...
		[3/4] Extracting song data from PFS...
			Extracting in parallel...
			Found 83 .songdta_ps4 files to process...
			[1/83] Processing heymanniceshot.songdta_ps4...
			[2/83] Processing jerrywasaracecar.songdta_ps4...
			[3/83] Processing portionsforfoxes.songdta_ps4...
			[4/83] Processing saturdaynightsalright.songdta_ps4...
			[5/83] Processing smokeonthewater.songdta_ps4...
			[6/83] Processing outerspacemuffs.songdta_ps4...
			[7/83] Processing radarlove.songdta_ps4...
			[8/83] Processing killingloneliness.songdta_ps4...
			[9/83] Processing getfree.songdta_ps4...
			[10/83] Processing bohemianrhapsody.songdta_ps4...
			[11/83] Processing walkoflife.songdta_ps4...
			[12/83] Processing plush.songdta_ps4...
			[13/83] Processing lowrider.songdta_ps4...
			[14/83] Processing freebird.songdta_ps4...
			[15/83] Processing spaceoddity.songdta_ps4...
			[16/83] Processing beencaughtstealing.songdta_ps4...
			[17/83] Processing centerfold.songdta_ps4...
			[18/83] Processing roundabout.songdta_ps4...
			[19/83] Processing beforeiforget.songdta_ps4...
			[20/83] Processing thisbastardslife.songdta_ps4...
			[21/83] Processing meenamora.songdta_ps4...
			[22/83] Processing ineedtoknow.songdta_ps4...
			[23/83] Processing sisterchristian.songdta_ps4...
			[24/83] Processing hereigoagain.songdta_ps4...
			[25/83] Processing deadendfriends.songdta_ps4...
			[26/83] Processing thelook.songdta_ps4...
			[27/83] Processing thebeautifulpeople.songdta_ps4...
			[28/83] Processing thekillingmoon.songdta_ps4...
			[29/83] Processing crazytrain.songdta_ps4...
			[30/83] Processing werewolvesoflondon.songdta_ps4...
			[31/83] Processing heartofglass.songdta_ps4...
			[32/83] Processing nooneknows.songdta_ps4...
			[33/83] Processing inthemeantime.songdta_ps4...
			[34/83] Processing beastandtheharlot.songdta_ps4...
			[35/83] Processing thehardestbutton.songdta_ps4...
			[36/83] Processing dontburyme.songdta_ps4...
			[37/83] Processing lastdance.songdta_ps4...
			[38/83] Processing everybodywantstorule.songdta_ps4...
			[39/83] Processing livinginamerica.songdta_ps4...
			[40/83] Processing onearmedscissors.songdta_ps4...
			[41/83] Processing needyoutonight.songdta_ps4...
			[42/83] Processing crosstowntraffic.songdta_ps4...
			[43/83] Processing flylikeaneagle.songdta_ps4...
			[44/83] Processing somethingbigger.songdta_ps4...
			[45/83] Processing inabigcountry.songdta_ps4...
			[46/83] Processing foolin.songdta_ps4...
			[47/83] Processing ohmygod.songdta_ps4...
			[48/83] Processing breakonthrough.songdta_ps4...
			[49/83] Processing coldasice.songdta_ps4...
			[50/83] Processing vivalaresistance.songdta_ps4...
			[51/83] Processing stopmeifyouthink.songdta_ps4...
			[52/83] Processing 20thcenturyboy.songdta_ps4...
			[53/83] Processing kinggeorge.songdta_ps4...
			[54/83] Processing rehab.songdta_ps4...
			[55/83] Processing lasso.songdta_ps4...
			[56/83] Processing chinagrove.songdta_ps4...
			[57/83] Processing ifeelgoodalt.songdta_ps4...
			[58/83] Processing getupstandup.songdta_ps4...
			[59/83] Processing combatbaby.songdta_ps4...
			[60/83] Processing rocklobster.songdta_ps4...
			[61/83] Processing oyemiamor.songdta_ps4...
			[62/83] Processing iwannabesedated.songdta_ps4...
			[63/83] Processing icanseeformiles.songdta_ps4...
			[64/83] Processing 25or6to4.songdta_ps4...
			[65/83] Processing falsealarm.songdta_ps4...
			[66/83] Processing goodvibrationslive.songdta_ps4...
			[67/83] Processing antibodies.songdta_ps4...
			[68/83] Processing miserybusiness2.songdta_ps4...
			[69/83] Processing rainbowinthedark.songdta_ps4...
			[70/83] Processing iloverocknroll.songdta_ps4...
			[71/83] Processing thecon.songdta_ps4...
			[72/83] Processing thepoweroflove.songdta_ps4...
			[73/83] Processing justlikeheaven.songdta_ps4...
			[74/83] Processing imagine.songdta_ps4...
			[75/83] Processing dontstandsoclosetome.songdta_ps4...
			[76/83] Processing duhast.songdta_ps4...
			[77/83] Processing caughtinamosh.songdta_ps4...
			[78/83] Processing walkinonthesun.songdta_ps4...
			[79/83] Processing llama.songdta_ps4...
			[80/83] Processing midlifecrisis.songdta_ps4...
			[81/83] Processing yoshimibattles.songdta_ps4...
			[82/83] Processing humanoid.songdta_ps4...
			[83/83] Processing whipit.songdta_ps4...
			Done. Extracted 83 songs.
			Writing to /workspace/rb4_temp/metadata_UP8802-CUSA02084_00-RB3ROCKBAND3PASS-A0000-V0100.json...
			Done!
		Extracted 83 songs
		[4/4] Cleaning up extraction files...
	✓ Done: UP8802-CUSA02084_00-RB3ROCKBAND3PASS-A0000-V0100.pkg
	Cleaned up UP8802-CUSA02084_00-RB3ROCKBAND3PASS-A0000-V0100.pkg to free space
Progress: 76% (75/98 PKGs) | Total songs: 1175
[76/98] Fetching: UP8802-CUSA02084_00-RB4BONUSGUITARGS_fake.pkg
[76/98] Processing: UP8802-CUSA02084_00-RB4BONUSGUITARGS_fake.pkg
		[1/4] Extracting: UP8802-CUSA02084_00-RB4BONUSGUITARGS_fake.pkg
		[2/4] Extracting PFS image...
		[3/4] Extracting song data from PFS...
			Extracting in parallel...
		No songdta files found!
		[4/4] Cleaning up extraction files...
	✓ Done: UP8802-CUSA02084_00-RB4BONUSGUITARGS_fake.pkg
	Cleaned up UP8802-CUSA02084_00-RB4BONUSGUITARGS_fake.pkg to free space
Progress: 77% (76/98 PKGs) | Total songs: 1175
[77/98] Fetching: UP8802-CUSA02084_00-RB4BONUSSHIRTBGR_fake.pkg
[77/98] Processing: UP8802-CUSA02084_00-RB4BONUSSHIRTBGR_fake.pkg
		[1/4] Extracting: UP8802-CUSA02084_00-RB4BONUSSHIRTBGR_fake.pkg
		[2/4] Extracting PFS image...
		[3/4] Extracting song data from PFS...
			Extracting in parallel...
		No songdta files found!
		[4/4] Cleaning up extraction files...
	✓ Done: UP8802-CUSA02084_00-RB4BONUSSHIRTBGR_fake.pkg
	Cleaned up UP8802-CUSA02084_00-RB4BONUSSHIRTBGR_fake.pkg to free space
Progress: 78% (77/98 PKGs) | Total songs: 1175
[78/98] Fetching: UP8802-CUSA02084_00-RB4CINTERRUPTERS.pkg
[78/98] Processing: UP8802-CUSA02084_00-RB4CINTERRUPTERS.pkg
		[1/4] Extracting: UP8802-CUSA02084_00-RB4CINTERRUPTERS.pkg
		[2/4] Extracting PFS image...
		[3/4] Extracting song data from PFS...
			Extracting in parallel...
			Found 6 .songdta_ps4 files to process...
			[1/6] Processing onaturntable_ti.songdta_ps4...
			[2/6] Processing shegotarrasted_ti.songdta_ps4...
			[3/6] Processing gaveyoueverything_ti.songdta_ps4...
			[4/6] Processing takebackthepower_ti.songdta_ps4...
			[5/6] Processing raisedbywolves_ti.songdta_ps4...
			[6/6] Processing sheskerosne_ti.songdta_ps4...
			Done. Extracted 6 songs.
			Writing to /workspace/rb4_temp/metadata_UP8802-CUSA02084_00-RB4CINTERRUPTERS.json...
			Done!
		Extracted 6 songs
		[4/4] Cleaning up extraction files...
	✓ Done: UP8802-CUSA02084_00-RB4CINTERRUPTERS.pkg
	Cleaned up UP8802-CUSA02084_00-RB4CINTERRUPTERS.pkg to free space
Progress: 79% (78/98 PKGs) | Total songs: 1181
[79/98] Fetching: UP8802-CUSA02084_00-RB4DELISTEDSONGS-A0000-V0100.pkg
[79/98] Processing: UP8802-CUSA02084_00-RB4DELISTEDSONGS-A0000-V0100.pkg
		[1/4] Extracting: UP8802-CUSA02084_00-RB4DELISTEDSONGS-A0000-V0100.pkg
		[2/4] Extracting PFS image...
		[3/4] Extracting song data from PFS...
			Extracting in parallel...
			Found 2 .songdta_ps4 files to process...
			[1/2] Processing takemehomecountry.songdta_ps4...
			[2/2] Processing juice.songdta_ps4...
			Done. Extracted 2 songs.
			Writing to /workspace/rb4_temp/metadata_UP8802-CUSA02084_00-RB4DELISTEDSONGS-A0000-V0100.json...
			Done!
		Extracted 2 songs
		[4/4] Cleaning up extraction files...
	✓ Done: UP8802-CUSA02084_00-RB4DELISTEDSONGS-A0000-V0100.pkg
	Cleaned up UP8802-CUSA02084_00-RB4DELISTEDSONGS-A0000-V0100.pkg to free space
Progress: 80% (79/98 PKGs) | Total songs: 1183
[80/98] Fetching: UP8802-CUSA02084_00-RB4DLCUNRELEASED-A0000-V0100.pkg
[80/98] Processing: UP8802-CUSA02084_00-RB4DLCUNRELEASED-A0000-V0100.pkg
		[1/4] Extracting: UP8802-CUSA02084_00-RB4DLCUNRELEASED-A0000-V0100.pkg
		[2/4] Extracting PFS image...
		[3/4] Extracting song data from PFS...
			Extracting in parallel...
			Found 2 .songdta_ps4 files to process...
			[1/2] Processing maps2.songdta_ps4...
			[2/2] Processing churchbells.songdta_ps4...
			Done. Extracted 2 songs.
			Writing to /workspace/rb4_temp/metadata_UP8802-CUSA02084_00-RB4DLCUNRELEASED-A0000-V0100.json...
			Done!
		Extracted 2 songs
		[4/4] Cleaning up extraction files...
	✓ Done: UP8802-CUSA02084_00-RB4DLCUNRELEASED-A0000-V0100.pkg
	Cleaned up UP8802-CUSA02084_00-RB4DLCUNRELEASED-A0000-V0100.pkg to free space
Progress: 81% (80/98 PKGs) | Total songs: 1185
[81/98] Fetching: UP8802-CUSA02084_00-RB4PRESEASONPASS-A0000-V0100.pkg
[81/98] Processing: UP8802-CUSA02084_00-RB4PRESEASONPASS-A0000-V0100.pkg
		[1/4] Extracting: UP8802-CUSA02084_00-RB4PRESEASONPASS-A0000-V0100.pkg
		[2/4] Extracting PFS image...
		[3/4] Extracting song data from PFS...
			Extracting in parallel...
			Found 230 .songdta_ps4 files to process...
			[1/230] Processing blink.songdta_ps4...
			[2/230] Processing synthesized.songdta_ps4...
			[3/230] Processing everybodytalks.songdta_ps4...
			[4/230] Processing thankgodforgirls.songdta_ps4...
			[5/230] Processing takemetochurch.songdta_ps4...
			[6/230] Processing wrongsideofheaven.songdta_ps4...
			[7/230] Processing dontwannafight.songdta_ps4...
			[8/230] Processing odetomyfamily.songdta_ps4...
			[9/230] Processing cakebytheocean.songdta_ps4...
			[10/230] Processing hatemyself.songdta_ps4...
			[11/230] Processing aintitfun.songdta_ps4...
			[12/230] Processing allaboutthatbass.songdta_ps4...
			[13/230] Processing royals.songdta_ps4...
			[14/230] Processing stop2.songdta_ps4...
			[15/230] Processing sweaterweather2.songdta_ps4...
			[16/230] Processing everythingyouwant.songdta_ps4...
			[17/230] Processing allthesethingsthativedone.songdta_ps4...
			[18/230] Processing thisishowwedoit.songdta_ps4...
			[19/230] Processing livinontheedge.songdta_ps4...
			[20/230] Processing chandelier.songdta_ps4...
			[21/230] Processing redneck.songdta_ps4...
			[22/230] Processing nevermore.songdta_ps4...
			[23/230] Processing iwillsurvive.songdta_ps4...
			[24/230] Processing angel3.songdta_ps4...
			[25/230] Processing glasshouse.songdta_ps4...
			[26/230] Processing applause.songdta_ps4...
			[27/230] Processing happy2.songdta_ps4...
			[28/230] Processing myowneyes.songdta_ps4...
			[29/230] Processing bornagaintomorrow.songdta_ps4...
			[30/230] Processing lyingfromyou.songdta_ps4...
			[31/230] Processing famouslastwords.songdta_ps4...
			[32/230] Processing gotyoursix.songdta_ps4...
			[33/230] Processing loveyourself.songdta_ps4...
			[34/230] Processing lethercry.songdta_ps4...
			[35/230] Processing thatsmykindofnight.songdta_ps4...
			[36/230] Processing dudelookslikealady.songdta_ps4...
			[37/230] Processing sugaryou.songdta_ps4...
			[38/230] Processing foundoutaboutyou.songdta_ps4...
			[39/230] Processing champagnesupernova.songdta_ps4...
			[40/230] Processing rockthistown.songdta_ps4...
			[41/230] Processing bizarrelovetriangle.songdta_ps4...
			[42/230] Processing runforcover.songdta_ps4...
			[43/230] Processing starships.songdta_ps4...
			[44/230] Processing renegades.songdta_ps4...
			[45/230] Processing closingtime.songdta_ps4...
			[46/230] Processing thedevilini.songdta_ps4...
			[47/230] Processing happysong.songdta_ps4...
			[48/230] Processing jumper.songdta_ps4...
			[49/230] Processing freewill.songdta_ps4...
			[50/230] Processing electriclove.songdta_ps4...
			[51/230] Processing whatifiwasnothing.songdta_ps4...
			[52/230] Processing dontletmedownslowly.songdta_ps4...
			[53/230] Processing circles.songdta_ps4...
			[54/230] Processing riptide.songdta_ps4...
			[55/230] Processing starboy.songdta_ps4...
			[56/230] Processing zombie.songdta_ps4...
			[57/230] Processing cheapthrills.songdta_ps4...
			[58/230] Processing shout2.songdta_ps4...
			[59/230] Processing lustforlife.songdta_ps4...
			[60/230] Processing wherethestreetshavenoname.songdta_ps4...
			[61/230] Processing exsandohs.songdta_ps4...
			[62/230] Processing first.songdta_ps4...
			[63/230] Processing dreams2.songdta_ps4...
			[64/230] Processing mywave.songdta_ps4...
			[65/230] Processing runninwiththedevil.songdta_ps4...
			[66/230] Processing sing_ed.songdta_ps4...
			[67/230] Processing heathens.songdta_ps4...
			[68/230] Processing ragdoll.songdta_ps4...
			[69/230] Processing feelinvincible.songdta_ps4...
			[70/230] Processing werenotgonnatakeit.songdta_ps4...
			[71/230] Processing whataboutlove.songdta_ps4...
			[72/230] Processing theheist.songdta_ps4...
			[73/230] Processing divide.songdta_ps4...
			[74/230] Processing thevengefulone.songdta_ps4...
			[75/230] Processing pullmeunder.songdta_ps4...
			[76/230] Processing cantfeelmyface.songdta_ps4...
			[77/230] Processing cocoon.songdta_ps4...
			[78/230] Processing differentcolors.songdta_ps4...
			[79/230] Processing lifestylesoftherichandfamous.songdta_ps4...
			[80/230] Processing thehills.songdta_ps4...
			[81/230] Processing boredtodeath.songdta_ps4...
			[82/230] Processing blackbetty.songdta_ps4...
			[83/230] Processing dreams3.songdta_ps4...
			[84/230] Processing ratsinthecellar.songdta_ps4...
			[85/230] Processing gimmechocolate.songdta_ps4...
			[86/230] Processing thecomamachine.songdta_ps4...
			[87/230] Processing stitches.songdta_ps4...
			[88/230] Processing badcaseoflovingyou.songdta_ps4...
			[89/230] Processing iwannarock.songdta_ps4...
			[90/230] Processing shelookssoperfect.songdta_ps4...
			[91/230] Processing littletalks.songdta_ps4...
			[92/230] Processing whatdoyoumean.songdta_ps4...
			[93/230] Processing badcatholics.songdta_ps4...
			[94/230] Processing countingstars.songdta_ps4...
			[95/230] Processing likeastone.songdta_ps4...
			[96/230] Processing rude.songdta_ps4...
			[97/230] Processing myhappyending.songdta_ps4...
			[98/230] Processing nomercy.songdta_ps4...
			[99/230] Processing wouldyoustillbethere.songdta_ps4...
			[100/230] Processing dontyouforgetaboutme.songdta_ps4...
			[101/230] Processing moveover.songdta_ps4...
			[102/230] Processing storyofmylife1d.songdta_ps4...
			[103/230] Processing alltheragebackhome.songdta_ps4...
			[104/230] Processing thesoundofsilence.songdta_ps4...
			[105/230] Processing radioactive.songdta_ps4...
			[106/230] Processing deadmemories.songdta_ps4...
			[107/230] Processing ainttalkinboutlove.songdta_ps4...
			[108/230] Processing killingisjustameans.songdta_ps4...
			[109/230] Processing handclap.songdta_ps4...
			[110/230] Processing dontdomelikethat.songdta_ps4...
			[111/230] Processing shutupanddance.songdta_ps4...
			[112/230] Processing followmedown.songdta_ps4...
			[113/230] Processing cherrypie.songdta_ps4...
			[114/230] Processing onlywannabewithyou.songdta_ps4...
			[115/230] Processing shapeofyou.songdta_ps4...
			[116/230] Processing nevertoolate.songdta_ps4...
			[117/230] Processing breakfastattiffanys.songdta_ps4...
			[118/230] Processing youmakemydreams.songdta_ps4...
			[119/230] Processing heavenisaplaceonearth.songdta_ps4...
			[120/230] Processing heartbeatsong.songdta_ps4...
			[121/230] Processing savetonight.songdta_ps4...
			[122/230] Processing celebration.songdta_ps4...
			[123/230] Processing safeandsound.songdta_ps4...
			[124/230] Processing promiseeverything.songdta_ps4...
			[125/230] Processing one.songdta_ps4...
			[126/230] Processing hemorrhage.songdta_ps4...
			[127/230] Processing failure.songdta_ps4...
			[128/230] Processing signs.songdta_ps4...
			[129/230] Processing lovestinks.songdta_ps4...
			[130/230] Processing learningtofly.songdta_ps4...
			[131/230] Processing onemorenight.songdta_ps4...
			[132/230] Processing cryin.songdta_ps4...
			[133/230] Processing lockedoutofheaven.songdta_ps4...
			[134/230] Processing cantholdus.songdta_ps4...
			[135/230] Processing boyfriend.songdta_ps4...
			[136/230] Processing peoplearepeople.songdta_ps4...
			[137/230] Processing whatmakesyoubeautiful.songdta_ps4...
			[138/230] Processing monalisa.songdta_ps4...
			[139/230] Processing janiesgotagun.songdta_ps4...
			[140/230] Processing bestsongever.songdta_ps4...
			[141/230] Processing stillbreathing.songdta_ps4...
			[142/230] Processing outside2.songdta_ps4...
			[143/230] Processing 24kmagic.songdta_ps4...
			[144/230] Processing dancethenightaway.songdta_ps4...
			[145/230] Processing girlsjustwanttohavefun.songdta_ps4...
			[146/230] Processing ride2.songdta_ps4...
			[147/230] Processing youngblood.songdta_ps4...
			[148/230] Processing 3am.songdta_ps4...
			[149/230] Processing thereflex.songdta_ps4...
			[150/230] Processing thestage.songdta_ps4...
			[151/230] Processing stilltheone.songdta_ps4...
			[152/230] Processing sorry_bieber.songdta_ps4...
			[153/230] Processing ayo.songdta_ps4...
			[154/230] Processing backwoodsco.songdta_ps4...
			[155/230] Processing roadtonowhere.songdta_ps4...
			[156/230] Processing andthecradlewillrock.songdta_ps4...
			[157/230] Processing neverenough.songdta_ps4...
			[158/230] Processing onebigholiday.songdta_ps4...
			[159/230] Processing partyrockanthem.songdta_ps4...
			[160/230] Processing whereismymind.songdta_ps4...
			[161/230] Processing blurredlines.songdta_ps4...
			[162/230] Processing themiracle.songdta_ps4...
			[163/230] Processing dystopia.songdta_ps4...
			[164/230] Processing loveinanelevator.songdta_ps4...
			[165/230] Processing seasonsofwither.songdta_ps4...
			[166/230] Processing getlucky.songdta_ps4...
			[167/230] Processing closer3.songdta_ps4...
			[168/230] Processing allforyou.songdta_ps4...
			[169/230] Processing thewind.songdta_ps4...
			[170/230] Processing kingforaday.songdta_ps4...
			[171/230] Processing heavenknows.songdta_ps4...
			[172/230] Processing blownaway.songdta_ps4...
			[173/230] Processing dangerzone.songdta_ps4...
			[174/230] Processing dancingwithmyself.songdta_ps4...
			[175/230] Processing whatsyourfavoritedinosaur.songdta_ps4...
			[176/230] Processing somenights.songdta_ps4...
			[177/230] Processing complicated.songdta_ps4...
			[178/230] Processing kingoftheworld.songdta_ps4...
			[179/230] Processing longcoolwoman.songdta_ps4...
			[180/230] Processing shedrivesmecrazy.songdta_ps4...
			[181/230] Processing thegreatest.songdta_ps4...
			[182/230] Processing mothermother.songdta_ps4...
			[183/230] Processing onmymind.songdta_ps4...
			[184/230] Processing figureitout.songdta_ps4...
			[185/230] Processing sundaybloodysunday.songdta_ps4...
			[186/230] Processing desire.songdta_ps4...
			[187/230] Processing lodger.songdta_ps4...
			[188/230] Processing themephistopheles.songdta_ps4...
			[189/230] Processing speedfighter.songdta_ps4...
			[190/230] Processing dopenose.songdta_ps4...
			[191/230] Processing lightemup.songdta_ps4...
			[192/230] Processing youandme.songdta_ps4...
			[193/230] Processing pompeii.songdta_ps4...
			[194/230] Processing whatyouneed.songdta_ps4...
			[195/230] Processing flagpolesitta.songdta_ps4...
			[196/230] Processing alwayssomethingthere.songdta_ps4...
			[197/230] Processing chickenfried.songdta_ps4...
			[198/230] Processing jane.songdta_ps4...
			[199/230] Processing cheerleader.songdta_ps4...
			[200/230] Processing wreckingmachine.songdta_ps4...
			[201/230] Processing heyjealousy.songdta_ps4...
			[202/230] Processing leavethenighton.songdta_ps4...
			[203/230] Processing dragmedown.songdta_ps4...
			[204/230] Processing heirapparent.songdta_ps4...
			[205/230] Processing lipsofanangel.songdta_ps4...
			[206/230] Processing heyya.songdta_ps4...
			[207/230] Processing wickedgarden.songdta_ps4...
			[208/230] Processing kids.songdta_ps4...
			[209/230] Processing mrjones.songdta_ps4...
			[210/230] Processing crazy.songdta_ps4...
			[211/230] Processing lovesong.songdta_ps4...
			[212/230] Processing stressedout.songdta_ps4...
			[213/230] Processing california.songdta_ps4...
			[214/230] Processing africa.songdta_ps4...
			[215/230] Processing dirtroadanthem.songdta_ps4...
			[216/230] Processing whatthehell.songdta_ps4...
			[217/230] Processing summertimeboy.songdta_ps4...
			[218/230] Processing cowboysfromhelllive.songdta_ps4...
			[219/230] Processing eattherich.songdta_ps4...
			[220/230] Processing pushpushladylightning.songdta_ps4...
			[221/230] Processing theedgeofglory.songdta_ps4...
			[222/230] Processing awake.songdta_ps4...
			[223/230] Processing iwillwait.songdta_ps4...
			[224/230] Processing pride.songdta_ps4...
			[225/230] Processing seventeen.songdta_ps4...
			[226/230] Processing adventureofalifetime.songdta_ps4...
			[227/230] Processing rebellion.songdta_ps4...
			[228/230] Processing whatilikeaboutyou.songdta_ps4...
			[229/230] Processing highroad.songdta_ps4...
			[230/230] Processing september.songdta_ps4...
			Done. Extracted 230 songs.
			Writing to /workspace/rb4_temp/metadata_UP8802-CUSA02084_00-RB4PRESEASONPASS-A0000-V0100.json...
			Done!
		Extracted 230 songs
		[4/4] Cleaning up extraction files...
	✓ Done: UP8802-CUSA02084_00-RB4PRESEASONPASS-A0000-V0100.pkg
	Cleaned up UP8802-CUSA02084_00-RB4PRESEASONPASS-A0000-V0100.pkg to free space
Progress: 82% (81/98 PKGs) | Total songs: 1415
[82/98] Fetching: UP8802-CUSA02084_00-RB4RBNRERELEASES-A0000-V0100.pkg
[82/98] Processing: UP8802-CUSA02084_00-RB4RBNRERELEASES-A0000-V0100.pkg
		[1/4] Extracting: UP8802-CUSA02084_00-RB4RBNRERELEASES-A0000-V0100.pkg
		[2/4] Extracting PFS image...
		[3/4] Extracting song data from PFS...
			Extracting in parallel...
			Found 168 .songdta_ps4 files to process...
			[1/168] Processing standforsomething_rbn.songdta_ps4...
			[2/168] Processing flightlessbird_rbn.songdta_ps4...
			[3/168] Processing leaderlessandself_rbn.songdta_ps4...
			[4/168] Processing thecomplexityoflight_rbn.songdta_ps4...
			[5/168] Processing youngerlungs_rbn.songdta_ps4...
			[6/168] Processing boy_rbn.songdta_ps4...
			[7/168] Processing bleed_rbn.songdta_ps4...
			[8/168] Processing anddelinquents_rbn.songdta_ps4...
			[9/168] Processing cheynestokes_rbn.songdta_ps4...
			[10/168] Processing aliveandkicking_rbn.songdta_ps4...
			[11/168] Processing bulletwithaname_rbn.songdta_ps4...
			[12/168] Processing soybomb_rbn.songdta_ps4...
			[13/168] Processing iknowwhatiam_rbn.songdta_ps4...
			[14/168] Processing stillalive_rbn.songdta_ps4...
			[15/168] Processing jamieallover_rbn.songdta_ps4...
			[16/168] Processing wherewereyou_rbn.songdta_ps4...
			[17/168] Processing disengage_rbn.songdta_ps4...
			[18/168] Processing remedy_rbn.songdta_ps4...
			[19/168] Processing theattitudesong_rbn.songdta_ps4...
			[20/168] Processing seven_rbn.songdta_ps4...
			[21/168] Processing whatsleftofme_rbn.songdta_ps4...
			[22/168] Processing icaruslives_rbn.songdta_ps4...
			[23/168] Processing howwedlookonpaper_rbn.songdta_ps4...
			[24/168] Processing battlesandbrotherhood_rbn.songdta_ps4...
			[25/168] Processing higher_rbn.songdta_ps4...
			[26/168] Processing wakeup_rbn.songdta_ps4...
			[27/168] Processing anyotherheart_rbn.songdta_ps4...
			[28/168] Processing sicksicksick_rbn.songdta_ps4...
			[29/168] Processing thegreatsaltlake_rbn.songdta_ps4...
			[30/168] Processing thewaitingone_rbn.songdta_ps4...
			[31/168] Processing incubus_rbn.songdta_ps4...
			[32/168] Processing sequesteredinmemphis_rbn.songdta_ps4...
			[33/168] Processing americandream_rbn.songdta_ps4...
			[34/168] Processing thedifferencebetweenmed_rbn.songdta_ps4...
			[35/168] Processing youonlyliveonce_rbn.songdta_ps4...
			[36/168] Processing kicksomeass09_rbn.songdta_ps4...
			[37/168] Processing theplottobombthepanhandle_rbn.songdta_ps4...
			[38/168] Processing thankyoupain_rbn.songdta_ps4...
			[39/168] Processing thuglove_rbn.songdta_ps4...
			[40/168] Processing hanuman_rbn.songdta_ps4...
			[41/168] Processing ifyoucanthang_rbn.songdta_ps4...
			[42/168] Processing becarefulwhat_rbn.songdta_ps4...
			[43/168] Processing demonwoman_rbn.songdta_ps4...
			[44/168] Processing fakeit_rbn.songdta_ps4...
			[45/168] Processing holdon2_rbn.songdta_ps4...
			[46/168] Processing whenigethomeyouresodead_rbn.songdta_ps4...
			[47/168] Processing youreawolf_rbn.songdta_ps4...
			[48/168] Processing berzerker_rbn.songdta_ps4...
			[49/168] Processing isthereaghost_rbn.songdta_ps4...
			[50/168] Processing backthroughtime_rbn.songdta_ps4...
			[51/168] Processing hooklineandsinner_rbn.songdta_ps4...
			[52/168] Processing entertain_rbn.songdta_ps4...
			[53/168] Processing spin_rbn.songdta_ps4...
			[54/168] Processing smashthecontrol_rbn.songdta_ps4...
			[55/168] Processing chelsea_rbn.songdta_ps4...
			[56/168] Processing htmlrulezdood_rbn.songdta_ps4...
			[57/168] Processing kokko_rbn.songdta_ps4...
			[58/168] Processing dayofmourning_rbn.songdta_ps4...
			[59/168] Processing arcaedion_rbn.songdta_ps4...
			[60/168] Processing semicharmedlife09_rbn.songdta_ps4...
			[61/168] Processing theorder_rbn.songdta_ps4...
			[62/168] Processing doppelganger_rbn.songdta_ps4...
			[63/168] Processing serpentineoffering_rbn.songdta_ps4...
			[64/168] Processing caves_rbn.songdta_ps4...
			[65/168] Processing heytheremrbrooks_rbn.songdta_ps4...
			[66/168] Processing drunkenlullabieslive_rbn.songdta_ps4...
			[67/168] Processing robotsmaybreakyourheart_rbn.songdta_ps4...
			[68/168] Processing relentlesschaos_rbn.songdta_ps4...
			[69/168] Processing goodmorningtucson_rbn.songdta_ps4...
			[70/168] Processing dayswithout_rbn.songdta_ps4...
			[71/168] Processing thefinalepisode_rbn.songdta_ps4...
			[72/168] Processing havefaithinme_rbn.songdta_ps4...
			[73/168] Processing youregonnasayyeah_rbn.songdta_ps4...
			[74/168] Processing shallowwaters_rbn.songdta_ps4...
			[75/168] Processing jumpers_rbn.songdta_ps4...
			[76/168] Processing specialeffects_rbn.songdta_ps4...
			[77/168] Processing collide_rbn.songdta_ps4...
			[78/168] Processing imamazed_rbn.songdta_ps4...
			[79/168] Processing dreamchaser_rbn.songdta_ps4...
			[80/168] Processing youaintnofamily_rbn.songdta_ps4...
			[81/168] Processing bodies_rbn.songdta_ps4...
			[82/168] Processing selkies_rbn.songdta_ps4...
			[83/168] Processing shizuku_rbn.songdta_ps4...
			[84/168] Processing caraphernelia_rbn.songdta_ps4...
			[85/168] Processing beer_rbn.songdta_ps4...
			[86/168] Processing thoseinglasshouses_rbn.songdta_ps4...
			[87/168] Processing fateofthemaiden_rbn.songdta_ps4...
			[88/168] Processing undone_rbn.songdta_ps4...
			[89/168] Processing toolittletoolate_rbn.songdta_ps4...
			[90/168] Processing deathbedatheist_rbn.songdta_ps4...
			[91/168] Processing bustervoodoo_rbn.songdta_ps4...
			[92/168] Processing aprophecy_rbn.songdta_ps4...
			[93/168] Processing codemonkey_rbn.songdta_ps4...
			[94/168] Processing shadowbang_rbn.songdta_ps4...
			[95/168] Processing countrysong_rbn.songdta_ps4...
			[96/168] Processing theoneyouwant_rbn.songdta_ps4...
			[97/168] Processing tasteslikekevinbacon_rbn.songdta_ps4...
			[98/168] Processing flagintheground_rbn.songdta_ps4...
			[99/168] Processing riseabovethis_rbn.songdta_ps4...
			[100/168] Processing airbrushed_rbn.songdta_ps4...
			[101/168] Processing themostbeautifulgirl_rbn.songdta_ps4...
			[102/168] Processing learntolive_rbn.songdta_ps4...
			[103/168] Processing ikea_rbn.songdta_ps4...
			[104/168] Processing heybabyheresthatsong_rbn.songdta_ps4...
			[105/168] Processing abigail_rbn.songdta_ps4...
			[106/168] Processing exploitedandexposed_rbn.songdta_ps4...
			[107/168] Processing bluedress_rbn.songdta_ps4...
			[108/168] Processing wearetheone_rbn.songdta_ps4...
			[109/168] Processing betteroffthisway_rbn.songdta_ps4...
			[110/168] Processing thisisnotasong_rbn.songdta_ps4...
			[111/168] Processing ifitmeansalottoyou_rbn.songdta_ps4...
			[112/168] Processing bloodredrock_rbn.songdta_ps4...
			[113/168] Processing fortheloveofgodlive_rbn.songdta_ps4...
			[114/168] Processing thehoundsofanubis_rbn.songdta_ps4...
			[115/168] Processing energy_rbn.songdta_ps4...
			[116/168] Processing allbodies_rbn.songdta_ps4...
			[117/168] Processing australia_rbn.songdta_ps4...
			[118/168] Processing burninghearts_rbn.songdta_ps4...
			[119/168] Processing darkhorse_rbn.songdta_ps4...
			[120/168] Processing thegunshow_rbn.songdta_ps4...
			[121/168] Processing thefuneral_rbn.songdta_ps4...
			[122/168] Processing goingunder_rbn.songdta_ps4...
			[123/168] Processing thefallofaphonia_rbn.songdta_ps4...
			[124/168] Processing recklessandrelentless_rbn.songdta_ps4...
			[125/168] Processing wearenotanonymous_rbn.songdta_ps4...
			[126/168] Processing tothestage_rbn.songdta_ps4...
			[127/168] Processing heimdalsgate_rbn.songdta_ps4...
			[128/168] Processing rollthedice_rbn.songdta_ps4...
			[129/168] Processing dearinsanity_rbn.songdta_ps4...
			[130/168] Processing itscomplicated_rbn.songdta_ps4...
			[131/168] Processing whiteknuckles_rbn.songdta_ps4...
			[132/168] Processing requiemforadyingsong_rbn.songdta_ps4...
			[133/168] Processing themobgoeswild_rbn.songdta_ps4...
			[134/168] Processing cheatonthechurch_rbn.songdta_ps4...
			[135/168] Processing burnitdown_rbn.songdta_ps4...
			[136/168] Processing crazy_rbn.songdta_ps4...
			[137/168] Processing alliwant_rbn.songdta_ps4...
			[138/168] Processing farewellmonalisa_rbn.songdta_ps4...
			[139/168] Processing ifimjamesdean_rbn.songdta_ps4...
			[140/168] Processing wecollide_rbn.songdta_ps4...
			[141/168] Processing riveroftuoni_rbn.songdta_ps4...
			[142/168] Processing hairtrigger_rbn.songdta_ps4...
			[143/168] Processing gasoline_rbn.songdta_ps4...
			[144/168] Processing verybusypeople_rbn.songdta_ps4...
			[145/168] Processing immadeofwaxlarrywhat_rbn.songdta_ps4...
			[146/168] Processing alaska_rbn.songdta_ps4...
			[147/168] Processing businesstime_rbn.songdta_ps4...
			[148/168] Processing forwearemany_rbn.songdta_ps4...
			[149/168] Processing secondsightblackout_rbn.songdta_ps4...
			[150/168] Processing canyoutell_rbn.songdta_ps4...
			[151/168] Processing treevillage_rbn.songdta_ps4...
			[152/168] Processing battleroyale_rbn.songdta_ps4...
			[153/168] Processing approachthepodium_rbn.songdta_ps4...
			[154/168] Processing dogscangrowbeardsallover_rbn.songdta_ps4...
			[155/168] Processing aspiration_rbn.songdta_ps4...
			[156/168] Processing creepydoll_rbn.songdta_ps4...
			[157/168] Processing foreverinyourhands_rbn.songdta_ps4...
			[158/168] Processing thetouch2007_rbn.songdta_ps4...
			[159/168] Processing hardtosee_rbn.songdta_ps4...
			[160/168] Processing halfcrazy_rbn.songdta_ps4...
			[161/168] Processing knifeman_rbn.songdta_ps4...
			[162/168] Processing secondandsebring_rbn.songdta_ps4...
			[163/168] Processing 50000unstoppablewatts_rbn.songdta_ps4...
			[164/168] Processing shipwrecked_rbn.songdta_ps4...
			[165/168] Processing sticksandbricks_rbn.songdta_ps4...
			[166/168] Processing 5678_rbn.songdta_ps4...
			[167/168] Processing youngbloods_rbn.songdta_ps4...
			[168/168] Processing buttersnips_rbn.songdta_ps4...
			Done. Extracted 168 songs.
			Writing to /workspace/rb4_temp/metadata_UP8802-CUSA02084_00-RB4RBNRERELEASES-A0000-V0100.json...
			Done!
		Extracted 168 songs
		[4/4] Cleaning up extraction files...
	✓ Done: UP8802-CUSA02084_00-RB4RBNRERELEASES-A0000-V0100.pkg
	Cleaned up UP8802-CUSA02084_00-RB4RBNRERELEASES-A0000-V0100.pkg to free space
Progress: 83% (82/98 PKGs) | Total songs: 1583
[83/98] Fetching: UP8802-CUSA02084_00-RB4SEASON01TOS10-A0000-V0100.pkg
[83/98] Processing: UP8802-CUSA02084_00-RB4SEASON01TOS10-A0000-V0100.pkg
		[1/4] Extracting: UP8802-CUSA02084_00-RB4SEASON01TOS10-A0000-V0100.pkg
		[2/4] Extracting PFS image...
		[3/4] Extracting song data from PFS...
			Extracting in parallel...
			Found 125 .songdta_ps4 files to process...
			[1/125] Processing hookedonafeeling.songdta_ps4...
			[2/125] Processing redredwine.songdta_ps4...
			[3/125] Processing thunder2.songdta_ps4...
			[4/125] Processing angelofdeath.songdta_ps4...
			[5/125] Processing wagonwheel2.songdta_ps4...
			[6/125] Processing goddamn.songdta_ps4...
			[7/125] Processing irememberyou.songdta_ps4...
			[8/125] Processing thiswillbetheday.songdta_ps4...
			[9/125] Processing youngblood2.songdta_ps4...
			[10/125] Processing mantra.songdta_ps4...
			[11/125] Processing attention.songdta_ps4...
			[12/125] Processing shame2.songdta_ps4...
			[13/125] Processing ihearthedead.songdta_ps4...
			[14/125] Processing girlslikeyou.songdta_ps4...
			[15/125] Processing righthererightnow.songdta_ps4...
			[16/125] Processing badcompany.songdta_ps4...
			[17/125] Processing paradise.songdta_ps4...
			[18/125] Processing johnnybgoode.songdta_ps4...
			[19/125] Processing burninitdown.songdta_ps4...
			[20/125] Processing graffiti.songdta_ps4...
			[21/125] Processing iceicebaby.songdta_ps4...
			[22/125] Processing lovethathurts.songdta_ps4...
			[23/125] Processing drown.songdta_ps4...
			[24/125] Processing bodytalks.songdta_ps4...
			[25/125] Processing picturesofgirls.songdta_ps4...
			[26/125] Processing radio.songdta_ps4...
			[27/125] Processing tomyromeo.songdta_ps4...
			[28/125] Processing whosyourlover.songdta_ps4...
			[29/125] Processing whenthecurtainfalls.songdta_ps4...
			[30/125] Processing slide.songdta_ps4...
			[31/125] Processing natural.songdta_ps4...
			[32/125] Processing goldontheceiling.songdta_ps4...
			[33/125] Processing broken.songdta_ps4...
			[34/125] Processing letsjustdance.songdta_ps4...
			[35/125] Processing enjoythesilence.songdta_ps4...
			[36/125] Processing crazyonyou.songdta_ps4...
			[37/125] Processing shy.songdta_ps4...
			[38/125] Processing bitch.songdta_ps4...
			[39/125] Processing blisterinthesun.songdta_ps4...
			[40/125] Processing sorrynotsorry.songdta_ps4...
			[41/125] Processing bloodhands.songdta_ps4...
			[42/125] Processing unwritten.songdta_ps4...
			[43/125] Processing escapethepinacoladasong.songdta_ps4...
			[44/125] Processing cirice.songdta_ps4...
			[45/125] Processing thinkingemoji.songdta_ps4...
			[46/125] Processing heatofthemoment.songdta_ps4...
			[47/125] Processing everymorning.songdta_ps4...
			[48/125] Processing breakinup.songdta_ps4...
			[49/125] Processing believer.songdta_ps4...
			[50/125] Processing absolutely.songdta_ps4...
			[51/125] Processing thewayyouusedtodo.songdta_ps4...
			[52/125] Processing wearefamily.songdta_ps4...
			[53/125] Processing burninforyou.songdta_ps4...
			[54/125] Processing idontwanttobe.songdta_ps4...
			[55/125] Processing allyouwanted.songdta_ps4...
			[56/125] Processing magicman.songdta_ps4...
			[57/125] Processing saveyourself.songdta_ps4...
			[58/125] Processing mydemons.songdta_ps4...
			[59/125] Processing slowride.songdta_ps4...
			[60/125] Processing iwantyou.songdta_ps4...
			[61/125] Processing postpone.songdta_ps4...
			[62/125] Processing liveinthemoment.songdta_ps4...
			[63/125] Processing brickhouse.songdta_ps4...
			[64/125] Processing forgetabouttomorrow.songdta_ps4...
			[65/125] Processing threelives.songdta_ps4...
			[66/125] Processing unheavenlycreatures.songdta_ps4...
			[67/125] Processing whentheseasonschange.songdta_ps4...
			[68/125] Processing reminiscing.songdta_ps4...
			[69/125] Processing push.songdta_ps4...
			[70/125] Processing holdon.songdta_ps4...
			[71/125] Processing iwannadancewithsomebody.songdta_ps4...
			[72/125] Processing song3.songdta_ps4...
			[73/125] Processing doyourworst.songdta_ps4...
			[74/125] Processing twilightofthethundergod.songdta_ps4...
			[75/125] Processing 18andlife.songdta_ps4...
			[76/125] Processing musicisworthlivingfor.songdta_ps4...
			[77/125] Processing runaround.songdta_ps4...
			[78/125] Processing askyfullofstars.songdta_ps4...
			[79/125] Processing downinahole.songdta_ps4...
			[80/125] Processing loseit.songdta_ps4...
			[81/125] Processing unwell.songdta_ps4...
			[82/125] Processing brandyyoureafinegirl.songdta_ps4...
			[83/125] Processing backtome.songdta_ps4...
			[84/125] Processing float.songdta_ps4...
			[85/125] Processing isshereallygoingoutwithhim.songdta_ps4...
			[86/125] Processing run_foo.songdta_ps4...
			[87/125] Processing shame.songdta_ps4...
			[88/125] Processing whenlegendsrise.songdta_ps4...
			[89/125] Processing babycomeback.songdta_ps4...
			[90/125] Processing karmachameleon.songdta_ps4...
			[91/125] Processing lonelyisthenight.songdta_ps4...
			[92/125] Processing umathurman.songdta_ps4...
			[93/125] Processing ninetynine.songdta_ps4...
			[94/125] Processing rescueme2.songdta_ps4...
			[95/125] Processing alive2.songdta_ps4...
			[96/125] Processing bodylikethat.songdta_ps4...
			[97/125] Processing giveyourselfatry.songdta_ps4...
			[98/125] Processing trueconfessions.songdta_ps4...
			[99/125] Processing hotelkey.songdta_ps4...
			[100/125] Processing broken2.songdta_ps4...
			[101/125] Processing bodylikeabackroad.songdta_ps4...
			[102/125] Processing inagaddadavida.songdta_ps4...
			[103/125] Processing karmapolice.songdta_ps4...
			[104/125] Processing comeoneileen2.songdta_ps4...
			[105/125] Processing timetosaygoodbye.songdta_ps4...
			[106/125] Processing kamikaze.songdta_ps4...
			[107/125] Processing tornintwo.songdta_ps4...
			[108/125] Processing blackseas.songdta_ps4...
			[109/125] Processing saveahorse.songdta_ps4...
			[110/125] Processing simplify.songdta_ps4...
			[111/125] Processing torn.songdta_ps4...
			[112/125] Processing vinyl.songdta_ps4...
			[113/125] Processing sos.songdta_ps4...
			[114/125] Processing soberup.songdta_ps4...
			[115/125] Processing rebelheart.songdta_ps4...
			[116/125] Processing cumbersome.songdta_ps4...
			[117/125] Processing playthatfunkymusic.songdta_ps4...
			[118/125] Processing picturesofmatchstickmen.songdta_ps4...
			[119/125] Processing rolltome.songdta_ps4...
			[120/125] Processing openwater.songdta_ps4...
			[121/125] Processing feelitstill.songdta_ps4...
			[122/125] Processing holdinmeback.songdta_ps4...
			[123/125] Processing uncomfortable.songdta_ps4...
			[124/125] Processing beatsports.songdta_ps4...
			[125/125] Processing she_lf.songdta_ps4...
			Done. Extracted 125 songs.
			Writing to /workspace/rb4_temp/metadata_UP8802-CUSA02084_00-RB4SEASON01TOS10-A0000-V0100.json...
			Done!
		Extracted 125 songs
		[4/4] Cleaning up extraction files...
	✓ Done: UP8802-CUSA02084_00-RB4SEASON01TOS10-A0000-V0100.pkg
	Cleaned up UP8802-CUSA02084_00-RB4SEASON01TOS10-A0000-V0100.pkg to free space
Progress: 84% (83/98 PKGs) | Total songs: 1708
[84/98] Fetching: UP8802-CUSA02084_00-RB4SEASON11TOS20-A0000-V0100.pkg
[84/98] Processing: UP8802-CUSA02084_00-RB4SEASON11TOS20-A0000-V0100.pkg
		[1/4] Extracting: UP8802-CUSA02084_00-RB4SEASON11TOS20-A0000-V0100.pkg
		[2/4] Extracting PFS image...
		[3/4] Extracting song data from PFS...
			Extracting in parallel...
			Found 102 .songdta_ps4 files to process...
			[1/102] Processing borntobewild.songdta_ps4...
			[2/102] Processing blindleadingtheblind.songdta_ps4...
			[3/102] Processing mightberight.songdta_ps4...
			[4/102] Processing simmer.songdta_ps4...
			[5/102] Processing circles2.songdta_ps4...
			[6/102] Processing cityofangels.songdta_ps4...
			[7/102] Processing adoreyou2.songdta_ps4...
			[8/102] Processing comeandgetyourlove.songdta_ps4...
			[9/102] Processing overmyhead.songdta_ps4...
			[10/102] Processing change.songdta_ps4...
			[11/102] Processing highermendes.songdta_ps4...
			[12/102] Processing blueonblack.songdta_ps4...
			[13/102] Processing sucker.songdta_ps4...
			[14/102] Processing cradles.songdta_ps4...
			[15/102] Processing feedmyfrankenstein.songdta_ps4...
			[16/102] Processing imgonnabe500miles.songdta_ps4...
			[17/102] Processing rolling7s.songdta_ps4...
			[18/102] Processing highhopes.songdta_ps4...
			[19/102] Processing deathbyrockandroll.songdta_ps4...
			[20/102] Processing blameitonmyyouth.songdta_ps4...
			[21/102] Processing gloria.songdta_ps4...
			[22/102] Processing nomoremrniceguy.songdta_ps4...
			[23/102] Processing onemanband.songdta_ps4...
			[24/102] Processing fatherofall.songdta_ps4...
			[25/102] Processing fallapart.songdta_ps4...
			[26/102] Processing sixteen2.songdta_ps4...
			[27/102] Processing levelofconcern.songdta_ps4...
			[28/102] Processing masquerader.songdta_ps4...
			[29/102] Processing anthempart2.songdta_ps4...
			[30/102] Processing caution.songdta_ps4...
			[31/102] Processing ithinkwerealonenow.songdta_ps4...
			[32/102] Processing blindinglights.songdta_ps4...
			[33/102] Processing labamba.songdta_ps4...
			[34/102] Processing stacysmom.songdta_ps4...
			[35/102] Processing comeandgo.songdta_ps4...
			[36/102] Processing some1else.songdta_ps4...
			[37/102] Processing killingmeslowly.songdta_ps4...
			[38/102] Processing baddecisions.songdta_ps4...
			[39/102] Processing missedconnection.songdta_ps4...
			[40/102] Processing dontstartnow.songdta_ps4...
			[41/102] Processing golden.songdta_ps4...
			[42/102] Processing hangingbyamoment.songdta_ps4...
			[43/102] Processing promqueen.songdta_ps4...
			[44/102] Processing longshot.songdta_ps4...
			[45/102] Processing thedevilwentdown.songdta_ps4...
			[46/102] Processing somethingjustlikethis.songdta_ps4...
			[47/102] Processing dontlethergo.songdta_ps4...
			[48/102] Processing shotinthedark.songdta_ps4...
			[49/102] Processing hurt.songdta_ps4...
			[50/102] Processing glycerine2.songdta_ps4...
			[51/102] Processing somekindof.songdta_ps4...
			[52/102] Processing highwaytooblivion.songdta_ps4...
			[53/102] Processing rollin.songdta_ps4...
			[54/102] Processing novocaine.songdta_ps4...
			[55/102] Processing shiver.songdta_ps4...
			[56/102] Processing ijustwannashine.songdta_ps4...
			[57/102] Processing backfoot.songdta_ps4...
			[58/102] Processing theendofthegame.songdta_ps4...
			[59/102] Processing alittlebitoff.songdta_ps4...
			[60/102] Processing steviesees.songdta_ps4...
			[61/102] Processing harmonyhall.songdta_ps4...
			[62/102] Processing tasteofregret.songdta_ps4...
			[63/102] Processing faraway.songdta_ps4...
			[64/102] Processing alivewiththeglory.songdta_ps4...
			[65/102] Processing popularmonster.songdta_ps4...
			[66/102] Processing juice.songdta_ps4...
			[67/102] Processing colors.songdta_ps4...
			[68/102] Processing rebelrebel1.songdta_ps4...
			[69/102] Processing allthewaystay.songdta_ps4...
			[70/102] Processing cutewithoutthee.songdta_ps4...
			[71/102] Processing badguy.songdta_ps4...
			[72/102] Processing champion.songdta_ps4...
			[73/102] Processing historyofviolence.songdta_ps4...
			[74/102] Processing 21her.songdta_ps4...
			[75/102] Processing sugarhoneyiceandtea.songdta_ps4...
			[76/102] Processing alligator.songdta_ps4...
			[77/102] Processing prisoner.songdta_ps4...
			[78/102] Processing onekindofsolomon.songdta_ps4...
			[79/102] Processing panicattack2.songdta_ps4...
			[80/102] Processing runwithyou.songdta_ps4...
			[81/102] Processing crush.songdta_ps4...
			[82/102] Processing takewhatyouwant.songdta_ps4...
			[83/102] Processing thebest.songdta_ps4...
			[84/102] Processing speedofsound2.songdta_ps4...
			[85/102] Processing mywaysoon.songdta_ps4...
			[86/102] Processing orphans.songdta_ps4...
			[87/102] Processing 10000hours.songdta_ps4...
			[88/102] Processing angelsanddemons.songdta_ps4...
			[89/102] Processing bang.songdta_ps4...
			[90/102] Processing championoftheworld.songdta_ps4...
			[91/102] Processing antisocialist.songdta_ps4...
			[92/102] Processing addicted.songdta_ps4...
			[93/102] Processing goodthingsfallapart.songdta_ps4...
			[94/102] Processing salvation.songdta_ps4...
			[95/102] Processing falling2.songdta_ps4...
			[96/102] Processing insideout2.songdta_ps4...
			[97/102] Processing teenagedirtbag.songdta_ps4...
			[98/102] Processing monsters.songdta_ps4...
			[99/102] Processing oldtownroad.songdta_ps4...
			[100/102] Processing 100baddays.songdta_ps4...
			[101/102] Processing ihope.songdta_ps4...
			[102/102] Processing donotdisturb.songdta_ps4...
			Done. Extracted 102 songs.
			Writing to /workspace/rb4_temp/metadata_UP8802-CUSA02084_00-RB4SEASON11TOS20-A0000-V0100.json...
			Done!
		Extracted 102 songs
		[4/4] Cleaning up extraction files...
	✓ Done: UP8802-CUSA02084_00-RB4SEASON11TOS20-A0000-V0100.pkg
	Cleaned up UP8802-CUSA02084_00-RB4SEASON11TOS20-A0000-V0100.pkg to free space
Progress: 85% (84/98 PKGs) | Total songs: 1810
[85/98] Fetching: UP8802-CUSA02084_00-RB4SEASON21TOS30-A0000-V0100.pkg
[85/98] Processing: UP8802-CUSA02084_00-RB4SEASON21TOS30-A0000-V0100.pkg
		[1/4] Extracting: UP8802-CUSA02084_00-RB4SEASON21TOS30-A0000-V0100.pkg
		[2/4] Extracting PFS image...
		[3/4] Extracting song data from PFS...
			Extracting in parallel...
			Found 188 .songdta_ps4 files to process...
			[1/188] Processing youregonnagofarkid.songdta_ps4...
			[2/188] Processing myfriendsoveryou.songdta_ps4...
			[3/188] Processing estella.songdta_ps4...
			[4/188] Processing takeitoff.songdta_ps4...
			[5/188] Processing coldheart.songdta_ps4...
			[6/188] Processing earthisablackhole.songdta_ps4...
			[7/188] Processing prettymouth.songdta_ps4...
			[8/188] Processing circles3.songdta_ps4...
			[9/188] Processing icantwait.songdta_ps4...
			[10/188] Processing herestothenight.songdta_ps4...
			[11/188] Processing fightforyourright.songdta_ps4...
			[12/188] Processing bonnie.songdta_ps4...
			[13/188] Processing devilshaircut.songdta_ps4...
			[14/188] Processing takemeaway.songdta_ps4...
			[15/188] Processing deadinside.songdta_ps4...
			[16/188] Processing astronautmaskedwolf.songdta_ps4...
			[17/188] Processing readyforcombat.songdta_ps4...
			[18/188] Processing whatyouknow.songdta_ps4...
			[19/188] Processing iwontgiveitup.songdta_ps4...
			[20/188] Processing astronautourlastnight.songdta_ps4...
			[21/188] Processing superman2.songdta_ps4...
			[22/188] Processing thefoundationsofdecay.songdta_ps4...
			[23/188] Processing givenup.songdta_ps4...
			[24/188] Processing justpretend.songdta_ps4...
			[25/188] Processing fcpremix.songdta_ps4...
			[26/188] Processing badidea.songdta_ps4...
			[27/188] Processing passthenirvana.songdta_ps4...
			[28/188] Processing whenwewereyoung.songdta_ps4...
			[29/188] Processing ithinkimokay.songdta_ps4...
			[30/188] Processing cityofthedead.songdta_ps4...
			[31/188] Processing memory.songdta_ps4...
			[32/188] Processing alldownhillfromhere.songdta_ps4...
			[33/188] Processing themanwhosoldtheworld.songdta_ps4...
			[34/188] Processing grooveisintheheart.songdta_ps4...
			[35/188] Processing flavoroftheweak.songdta_ps4...
			[36/188] Processing sawlightning.songdta_ps4...
			[37/188] Processing thecall.songdta_ps4...
			[38/188] Processing connection.songdta_ps4...
			[39/188] Processing stellar.songdta_ps4...
			[40/188] Processing paralyzed.songdta_ps4...
			[41/188] Processing iwannadancewithsomebody2.songdta_ps4...
			[42/188] Processing burymetonight.songdta_ps4...
			[43/188] Processing rollercoaster.songdta_ps4...
			[44/188] Processing themotherweshare.songdta_ps4...
			[45/188] Processing adecadeundertheinfluence.songdta_ps4...
			[46/188] Processing aclockworkexpectation.songdta_ps4...
			[47/188] Processing bloodforthebloodgod.songdta_ps4...
			[48/188] Processing secretgarden.songdta_ps4...
			[49/188] Processing mouthshut.songdta_ps4...
			[50/188] Processing sacrifice.songdta_ps4...
			[51/188] Processing takemehomecountryroads2.songdta_ps4...
			[52/188] Processing oldestdaughter.songdta_ps4...
			[53/188] Processing stayhigh.songdta_ps4...
			[54/188] Processing devilonmyshoulder.songdta_ps4...
			[55/188] Processing thebadtouch.songdta_ps4...
			[56/188] Processing thefuneral.songdta_ps4...
			[57/188] Processing physical.songdta_ps4...
			[58/188] Processing nowheregeneration.songdta_ps4...
			[59/188] Processing selfdestructor.songdta_ps4...
			[60/188] Processing greatestofalltime.songdta_ps4...
			[61/188] Processing reelinintheyears.songdta_ps4...
			[62/188] Processing numb3.songdta_ps4...
			[63/188] Processing shesalliwannabe.songdta_ps4...
			[64/188] Processing hardtimes.songdta_ps4...
			[65/188] Processing pathkeeper.songdta_ps4...
			[66/188] Processing goodbyegoodluck.songdta_ps4...
			[67/188] Processing respect.songdta_ps4...
			[68/188] Processing distance.songdta_ps4...
			[69/188] Processing californiadreamin.songdta_ps4...
			[70/188] Processing brutal.songdta_ps4...
			[71/188] Processing dieouthere.songdta_ps4...
			[72/188] Processing down3.songdta_ps4...
			[73/188] Processing ilikeyou.songdta_ps4...
			[74/188] Processing illbethereforyou2.songdta_ps4...
			[75/188] Processing blacksummer.songdta_ps4...
			[76/188] Processing goinghometoaparty.songdta_ps4...
			[77/188] Processing fatalillusion.songdta_ps4...
			[78/188] Processing classlessact.songdta_ps4...
			[79/188] Processing stayimissedyou.songdta_ps4...
			[80/188] Processing aok.songdta_ps4...
			[81/188] Processing bringthanoize.songdta_ps4...
			[82/188] Processing icantdrive55.songdta_ps4...
			[83/188] Processing ole.songdta_ps4...
			[84/188] Processing wakingupinvegas.songdta_ps4...
			[85/188] Processing euphoria.songdta_ps4...
			[86/188] Processing highsociety.songdta_ps4...
			[87/188] Processing girlscoutcookies.songdta_ps4...
			[88/188] Processing cannedheat.songdta_ps4...
			[89/188] Processing thebirdandtheworm.songdta_ps4...
			[90/188] Processing takemybreathaway.songdta_ps4...
			[91/188] Processing grandcanyon.songdta_ps4...
			[92/188] Processing rockyoulikeahurricane.songdta_ps4...
			[93/188] Processing noapologies.songdta_ps4...
			[94/188] Processing theliarsclub.songdta_ps4...
			[95/188] Processing missingpiece.songdta_ps4...
			[96/188] Processing peg.songdta_ps4...
			[97/188] Processing kissmedeadly.songdta_ps4...
			[98/188] Processing animals2.songdta_ps4...
			[99/188] Processing runningwiththewild.songdta_ps4...
			[100/188] Processing radioreject.songdta_ps4...
			[101/188] Processing sk8erboi.songdta_ps4...
			[102/188] Processing bluemonday2.songdta_ps4...
			[103/188] Processing mindreader.songdta_ps4...
			[104/188] Processing thepallbearerwalksalone.songdta_ps4...
			[105/188] Processing myexsbuild.songdta_ps4...
			[106/188] Processing wheretheheartis.songdta_ps4...
			[107/188] Processing followyou.songdta_ps4...
			[108/188] Processing tailspin.songdta_ps4...
			[109/188] Processing sellout.songdta_ps4...
			[110/188] Processing allmyfavoritesongs2.songdta_ps4...
			[111/188] Processing bettertogether.songdta_ps4...
			[112/188] Processing paranoia.songdta_ps4...
			[113/188] Processing comforteagle.songdta_ps4...
			[114/188] Processing freaks.songdta_ps4...
			[115/188] Processing dreaming.songdta_ps4...
			[116/188] Processing someonetoyou.songdta_ps4...
			[117/188] Processing tonight.songdta_ps4...
			[118/188] Processing africa2.songdta_ps4...
			[119/188] Processing iaintworried.songdta_ps4...
			[120/188] Processing good4u.songdta_ps4...
			[121/188] Processing dangerous.songdta_ps4...
			[122/188] Processing anythingwasbetter.songdta_ps4...
			[123/188] Processing waylesssad.songdta_ps4...
			[124/188] Processing visitor.songdta_ps4...
			[125/188] Processing nativetongue.songdta_ps4...
			[126/188] Processing dearmariacount.songdta_ps4...
			[127/188] Processing thereforeiam.songdta_ps4...
			[128/188] Processing richgirl.songdta_ps4...
			[129/188] Processing helpimalive.songdta_ps4...
			[130/188] Processing thehills2.songdta_ps4...
			[131/188] Processing iris2.songdta_ps4...
			[132/188] Processing endoftheworld.songdta_ps4...
			[133/188] Processing bombsaway.songdta_ps4...
			[134/188] Processing heatwaves.songdta_ps4...
			[135/188] Processing superfreakygirl.songdta_ps4...
			[136/188] Processing catsinthecradle.songdta_ps4...
			[137/188] Processing dontfencemein.songdta_ps4...
			[138/188] Processing hereandnow.songdta_ps4...
			[139/188] Processing wildchild.songdta_ps4...
			[140/188] Processing onlylovecansavemenow.songdta_ps4...
			[141/188] Processing ratsghost.songdta_ps4...
			[142/188] Processing seether.songdta_ps4...
			[143/188] Processing montero.songdta_ps4...
			[144/188] Processing abcdefu.songdta_ps4...
			[145/188] Processing cosmicthrill.songdta_ps4...
			[146/188] Processing kidsofsummer.songdta_ps4...
			[147/188] Processing gepetto.songdta_ps4...
			[148/188] Processing resentment.songdta_ps4...
			[149/188] Processing sexxlaws.songdta_ps4...
			[150/188] Processing timewarp.songdta_ps4...
			[151/188] Processing devilsradio.songdta_ps4...
			[152/188] Processing ireallylikeyou.songdta_ps4...
			[153/188] Processing whodoyoulove.songdta_ps4...
			[154/188] Processing fartoonear.songdta_ps4...
			[155/188] Processing runaway2.songdta_ps4...
			[156/188] Processing die4u.songdta_ps4...
			[157/188] Processing broken3.songdta_ps4...
			[158/188] Processing hazyshadeofwinter.songdta_ps4...
			[159/188] Processing hurricane.songdta_ps4...
			[160/188] Processing mercyme.songdta_ps4...
			[161/188] Processing crosses.songdta_ps4...
			[162/188] Processing drunk.songdta_ps4...
			[163/188] Processing itsbeenalittleheavylately.songdta_ps4...
			[164/188] Processing showmethewaylive.songdta_ps4...
			[165/188] Processing wildthing.songdta_ps4...
			[166/188] Processing chelseadagger.songdta_ps4...
			[167/188] Processing ily.songdta_ps4...
			[168/188] Processing headsweat.songdta_ps4...
			[169/188] Processing soakupthesun.songdta_ps4...
			[170/188] Processing alittlebitbetter.songdta_ps4...
			[171/188] Processing shakemeup.songdta_ps4...
			[172/188] Processing takeonme2.songdta_ps4...
			[173/188] Processing crashintome.songdta_ps4...
			[174/188] Processing jolene.songdta_ps4...
			[175/188] Processing andsoitwent.songdta_ps4...
			[176/188] Processing bloodyvalentine.songdta_ps4...
			[177/188] Processing facedown.songdta_ps4...
			[178/188] Processing smile.songdta_ps4...
			[179/188] Processing starlight2.songdta_ps4...
			[180/188] Processing wontstanddown.songdta_ps4...
			[181/188] Processing worstday.songdta_ps4...
			[182/188] Processing shimmer.songdta_ps4...
			[183/188] Processing chaiselongue.songdta_ps4...
			[184/188] Processing heatabove.songdta_ps4...
			[185/188] Processing aintnoking.songdta_ps4...
			[186/188] Processing youshouldbedancing2.songdta_ps4...
			[187/188] Processing thetitletrack.songdta_ps4...
			[188/188] Processing wearebetween.songdta_ps4...
			Done. Extracted 188 songs.
			Writing to /workspace/rb4_temp/metadata_UP8802-CUSA02084_00-RB4SEASON21TOS30-A0000-V0100.json...
			Done!
		Extracted 188 songs
		[4/4] Cleaning up extraction files...
	✓ Done: UP8802-CUSA02084_00-RB4SEASON21TOS30-A0000-V0100.pkg
	Cleaned up UP8802-CUSA02084_00-RB4SEASON21TOS30-A0000-V0100.pkg to free space
Progress: 86% (85/98 PKGs) | Total songs: 1998
[86/98] Fetching: UP8802-CUSA02084_00-RB4SEASON31TOS35-A0000-V0100.pkg
[86/98] Processing: UP8802-CUSA02084_00-RB4SEASON31TOS35-A0000-V0100.pkg
		[1/4] Extracting: UP8802-CUSA02084_00-RB4SEASON31TOS35-A0000-V0100.pkg
		[2/4] Extracting PFS image...
		[3/4] Extracting song data from PFS...
			Extracting in parallel...
			Found 74 .songdta_ps4 files to process...
			[1/74] Processing packofsmokes.songdta_ps4...
			[2/74] Processing untilifoundyou.songdta_ps4...
			[3/74] Processing goodbyeyellowbrickroad.songdta_ps4...
			[4/74] Processing thefall.songdta_ps4...
			[5/74] Processing yourethebest.songdta_ps4...
			[6/74] Processing milesandmiles.songdta_ps4...
			[7/74] Processing futureblind.songdta_ps4...
			[8/74] Processing thesummoning.songdta_ps4...
			[9/74] Processing alittlewild.songdta_ps4...
			[10/74] Processing nobody.songdta_ps4...
			[11/74] Processing bornintheheat.songdta_ps4...
			[12/74] Processing morethevictim.songdta_ps4...
			[13/74] Processing heartbreaker2.songdta_ps4...
			[14/74] Processing whitetrashmillionaire.songdta_ps4...
			[15/74] Processing homesick.songdta_ps4...
			[16/74] Processing thisiswhy.songdta_ps4...
			[17/74] Processing season5.songdta_ps4...
			[18/74] Processing itsalright.songdta_ps4...
			[19/74] Processing bigrig.songdta_ps4...
			[20/74] Processing sixfeetunder.songdta_ps4...
			[21/74] Processing thankyou.songdta_ps4...
			[22/74] Processing backtobetter.songdta_ps4...
			[23/74] Processing googoomuck.songdta_ps4...
			[24/74] Processing burn2.songdta_ps4...
			[25/74] Processing deletemyself2.songdta_ps4...
			[26/74] Processing loveumadly.songdta_ps4...
			[27/74] Processing callmecrazy.songdta_ps4...
			[28/74] Processing cannonball.songdta_ps4...
			[29/74] Processing letmebenormal.songdta_ps4...
			[30/74] Processing voicesinmyhead.songdta_ps4...
			[31/74] Processing sickness.songdta_ps4...
			[32/74] Processing raindown.songdta_ps4...
			[33/74] Processing crossfire.songdta_ps4...
			[34/74] Processing badthings.songdta_ps4...
			[35/74] Processing brassic.songdta_ps4...
			[36/74] Processing thegangsallhere.songdta_ps4...
			[37/74] Processing blackearth.songdta_ps4...
			[38/74] Processing welcomehome3.songdta_ps4...
			[39/74] Processing bakerstreet.songdta_ps4...
			[40/74] Processing makeshiftvehicles.songdta_ps4...
			[41/74] Processing settling.songdta_ps4...
			[42/74] Processing heartbreakofthecentury.songdta_ps4...
			[43/74] Processing rescued.songdta_ps4...
			[44/74] Processing peacethatstartsawar.songdta_ps4...
			[45/74] Processing addisonrae.songdta_ps4...
			[46/74] Processing sendmeonmyway.songdta_ps4...
			[47/74] Processing lockedandloaded.songdta_ps4...
			[48/74] Processing riptide2.songdta_ps4...
			[49/74] Processing mountainsound.songdta_ps4...
			[50/74] Processing girlsmakemewannadie.songdta_ps4...
			[51/74] Processing les.songdta_ps4...
			[52/74] Processing loveisnotaweapon.songdta_ps4...
			[53/74] Processing medicine.songdta_ps4...
			[54/74] Processing lovespell.songdta_ps4...
			[55/74] Processing maryonacross.songdta_ps4...
			[56/74] Processing ultraviolet.songdta_ps4...
			[57/74] Processing poisonpill.songdta_ps4...
			[58/74] Processing dialtone.songdta_ps4...
			[59/74] Processing allthatshewants.songdta_ps4...
			[60/74] Processing panic2.songdta_ps4...
			[61/74] Processing oh.songdta_ps4...
			[62/74] Processing whereveryouwillgo.songdta_ps4...
			[63/74] Processing mastersofmorbidity.songdta_ps4...
			[64/74] Processing mindrider.songdta_ps4...
			[65/74] Processing ourlovewillstillbethere.songdta_ps4...
			[66/74] Processing bathcounty.songdta_ps4...
			[67/74] Processing throughthenoise.songdta_ps4...
			[68/74] Processing downtothedevil.songdta_ps4...
			[69/74] Processing shesgotsorcery.songdta_ps4...
			[70/74] Processing allireallywannado.songdta_ps4...
			[71/74] Processing sometimes.songdta_ps4...
			[72/74] Processing idwbs.songdta_ps4...
			[73/74] Processing believe.songdta_ps4...
			[74/74] Processing shapeshifter.songdta_ps4...
			Done. Extracted 74 songs.
			Writing to /workspace/rb4_temp/metadata_UP8802-CUSA02084_00-RB4SEASON31TOS35-A0000-V0100.json...
			Done!
		Extracted 74 songs
		[4/4] Cleaning up extraction files...
	✓ Done: UP8802-CUSA02084_00-RB4SEASON31TOS35-A0000-V0100.pkg
	Cleaned up UP8802-CUSA02084_00-RB4SEASON31TOS35-A0000-V0100.pkg to free space
Progress: 87% (86/98 PKGs) | Total songs: 2072
[87/98] Fetching: UP8802-CUSA02084_00-RBLEGACYDLCPASS1-A0000-V0100.pkg
[87/98] Processing: UP8802-CUSA02084_00-RBLEGACYDLCPASS1-A0000-V0100.pkg
		[1/4] Extracting: UP8802-CUSA02084_00-RBLEGACYDLCPASS1-A0000-V0100.pkg
		[2/4] Extracting PFS image...
		[3/4] Extracting song data from PFS...
			Extracting in parallel...
			Found 500 .songdta_ps4 files to process...
			[1/500] Processing heartbreaker.songdta_ps4...
			[2/500] Processing byebyelove.songdta_ps4...
			[3/500] Processing dontgoawaymad.songdta_ps4...
			[4/500] Processing junkiesforfame.songdta_ps4...
			[5/500] Processing johnnyguitar.songdta_ps4...
			[6/500] Processing feelgooddrag.songdta_ps4...
			[7/500] Processing goingmobile.songdta_ps4...
			[8/500] Processing claudette.songdta_ps4...
			[9/500] Processing dead.songdta_ps4...
			[10/500] Processing idiotsrule.songdta_ps4...
			[11/500] Processing damnationgame.songdta_ps4...
			[12/500] Processing devilschild.songdta_ps4...
			[13/500] Processing dragthewaters.songdta_ps4...
			[14/500] Processing fireitup.songdta_ps4...
			[15/500] Processing 3dimesdown.songdta_ps4...
			[16/500] Processing checkmybrain.songdta_ps4...
			[17/500] Processing babaoriley.songdta_ps4...
			[18/500] Processing jukeboxhero.songdta_ps4...
			[19/500] Processing cantstandlosingyou.songdta_ps4...
			[20/500] Processing futureperfecttense.songdta_ps4...
			[21/500] Processing ibleed.songdta_ps4...
			[22/500] Processing imcryin.songdta_ps4...
			[23/500] Processing laidtorest.songdta_ps4...
			[24/500] Processing coffinnails.songdta_ps4...
			[25/500] Processing herewearejuggernaut.songdta_ps4...
			[26/500] Processing ionlywantyou.songdta_ps4...
			[27/500] Processing brother.songdta_ps4...
			[28/500] Processing daysgoby.songdta_ps4...
			[29/500] Processing icarus.songdta_ps4...
			[30/500] Processing bodyioccupy.songdta_ps4...
			[31/500] Processing holeintheearth.songdta_ps4...
			[32/500] Processing capitalg.songdta_ps4...
			[33/500] Processing andshewas.songdta_ps4...
			[34/500] Processing letitallhangout.songdta_ps4...
			[35/500] Processing enditonthis.songdta_ps4...
			[36/500] Processing dreamingoflove.songdta_ps4...
			[37/500] Processing dreamin.songdta_ps4...
			[38/500] Processing abc.songdta_ps4...
			[39/500] Processing jokerandthe.songdta_ps4...
			[40/500] Processing littleofyourtime.songdta_ps4...
			[41/500] Processing ladybug.songdta_ps4...
			[42/500] Processing heatseeker_live.songdta_ps4...
			[43/500] Processing geraldine.songdta_ps4...
			[44/500] Processing ipredictariot.songdta_ps4...
			[45/500] Processing callingdrlove.songdta_ps4...
			[46/500] Processing herecomesyourman.songdta_ps4...
			[47/500] Processing creepinupthebackstairs.songdta_ps4...
			[48/500] Processing fatbottomedgirls.songdta_ps4...
			[49/500] Processing amongstthewaves.songdta_ps4...
			[50/500] Processing afterlife.songdta_ps4...
			[51/500] Processing gimmesomemoney.songdta_ps4...
			[52/500] Processing lenny.songdta_ps4...
			[53/500] Processing fellinlovewithagirl.songdta_ps4...
			[54/500] Processing heydude.songdta_ps4...
			[55/500] Processing evenflow.songdta_ps4...
			[56/500] Processing limelight2.songdta_ps4...
			[57/500] Processing amicrazy.songdta_ps4...
			[58/500] Processing drfeelgood.songdta_ps4...
			[59/500] Processing alivepod.songdta_ps4...
			[60/500] Processing christmasisthetime.songdta_ps4...
			[61/500] Processing hymn43.songdta_ps4...
			[62/500] Processing handsdown.songdta_ps4...
			[63/500] Processing again.songdta_ps4...
			[64/500] Processing burnittotheground.songdta_ps4...
			[65/500] Processing heyyou.songdta_ps4...
			[66/500] Processing allthesmallthings.songdta_ps4...
			[67/500] Processing aboutagirl.songdta_ps4...
			[68/500] Processing cloudsovercalifornia.songdta_ps4...
			[69/500] Processing anotherwaytodie.songdta_ps4...
			[70/500] Processing killedbydeath.songdta_ps4...
			[71/500] Processing ifiaintgotyou.songdta_ps4...
			[72/500] Processing herecomesmygirl.songdta_ps4...
			[73/500] Processing constantmotion.songdta_ps4...
			[74/500] Processing castlesmadeofsand.songdta_ps4...
			[75/500] Processing caseyjones.songdta_ps4...
			[76/500] Processing idontcare.songdta_ps4...
			[77/500] Processing anotheronebitesthedust.songdta_ps4...
			[78/500] Processing donttellme.songdta_ps4...
			[79/500] Processing attack.songdta_ps4...
			[80/500] Processing closertotheedge.songdta_ps4...
			[81/500] Processing crushcrushcrush.songdta_ps4...
			[82/500] Processing burymealive.songdta_ps4...
			[83/500] Processing gone_mg.songdta_ps4...
			[84/500] Processing gimmethreesteps.songdta_ps4...
			[85/500] Processing burn.songdta_ps4...
			[86/500] Processing databasecorrupted.songdta_ps4...
			[87/500] Processing ifyouhavetoask.songdta_ps4...
			[88/500] Processing justdance.songdta_ps4...
			[89/500] Processing aintnotelling.songdta_ps4...
			[90/500] Processing kissthemforme.songdta_ps4...
			[91/500] Processing last.songdta_ps4...
			[92/500] Processing ilovethisbar.songdta_ps4...
			[93/500] Processing hangingonthetelephone.songdta_ps4...
			[94/500] Processing driver8.songdta_ps4...
			[95/500] Processing bestdayever.songdta_ps4...
			[96/500] Processing igotmine.songdta_ps4...
			[97/500] Processing cantbetamed.songdta_ps4...
			[98/500] Processing loungeact.songdta_ps4...
			[99/500] Processing breakingthegirl.songdta_ps4...
			[100/500] Processing bandontherunlive.songdta_ps4...
			[101/500] Processing hellontheheart.songdta_ps4...
			[102/500] Processing donttellmeyouloveme.songdta_ps4...
			[103/500] Processing futures.songdta_ps4...
			[104/500] Processing boysarebackintown.songdta_ps4...
			[105/500] Processing henrietta.songdta_ps4...
			[106/500] Processing iftheworld.songdta_ps4...
			[107/500] Processing alliwant.songdta_ps4...
			[108/500] Processing badmoonrising.songdta_ps4...
			[109/500] Processing knowyourenemy.songdta_ps4...
			[110/500] Processing listentothemusic.songdta_ps4...
			[111/500] Processing burnyoudown.songdta_ps4...
			[112/500] Processing justfortonight.songdta_ps4...
			[113/500] Processing giveittome.songdta_ps4...
			[114/500] Processing fireyourguns_live.songdta_ps4...
			[115/500] Processing franklinstower.songdta_ps4...
			[116/500] Processing bandages.songdta_ps4...
			[117/500] Processing dontmakemewait.songdta_ps4...
			[118/500] Processing danceepidemic.songdta_ps4...
			[119/500] Processing istandalone.songdta_ps4...
			[120/500] Processing excusememr.songdta_ps4...
			[121/500] Processing ironmaidenlive.songdta_ps4...
			[122/500] Processing hellinabucket.songdta_ps4...
			[123/500] Processing cosmicdancer.songdta_ps4...
			[124/500] Processing hey.songdta_ps4...
			[125/500] Processing eminencefront.songdta_ps4...
			[126/500] Processing downatthewhiskey.songdta_ps4...
			[127/500] Processing anymanofmine.songdta_ps4...
			[128/500] Processing dontspeak.songdta_ps4...
			[129/500] Processing holidayincambodia.songdta_ps4...
			[130/500] Processing backinblack_live.songdta_ps4...
			[131/500] Processing dontlookbackinanger.songdta_ps4...
			[132/500] Processing deadandbloated.songdta_ps4...
			[133/500] Processing girlswhoplayguitars.songdta_ps4...
			[134/500] Processing foxeylady.songdta_ps4...
			[135/500] Processing knightonthetown.songdta_ps4...
			[136/500] Processing livingthroughme.songdta_ps4...
			[137/500] Processing hungrywolf.songdta_ps4...
			[138/500] Processing lisztomania.songdta_ps4...
			[139/500] Processing heroes.songdta_ps4...
			[140/500] Processing imshippingup.songdta_ps4...
			[141/500] Processing ineedamiracle.songdta_ps4...
			[142/500] Processing garden.songdta_ps4...
			[143/500] Processing hongkonggarden.songdta_ps4...
			[144/500] Processing cowboysong_live.songdta_ps4...
			[145/500] Processing amazingjourney.songdta_ps4...
			[146/500] Processing itsmylife.songdta_ps4...
			[147/500] Processing lieslieslies.songdta_ps4...
			[148/500] Processing conquerall.songdta_ps4...
			[149/500] Processing highvoltage_live.songdta_ps4...
			[150/500] Processing fortunateson.songdta_ps4...
			[151/500] Processing insideout.songdta_ps4...
			[152/500] Processing dragula.songdta_ps4...
			[153/500] Processing fearofthedarklive.songdta_ps4...
			[154/500] Processing crazytuesday.songdta_ps4...
			[155/500] Processing elscorcho.songdta_ps4...
			[156/500] Processing cupsandcakes.songdta_ps4...
			[157/500] Processing alloveragain.songdta_ps4...
			[158/500] Processing heyjohnwhatsyournameagain.songdta_ps4...
			[159/500] Processing ashestofire.songdta_ps4...
			[160/500] Processing ihearditthrough.songdta_ps4...
			[161/500] Processing gasoline.songdta_ps4...
			[162/500] Processing crackerman.songdta_ps4...
			[163/500] Processing getiton.songdta_ps4...
			[164/500] Processing afavorhouseatlantic.songdta_ps4...
			[165/500] Processing agirllikeyou.songdta_ps4...
			[166/500] Processing getup.songdta_ps4...
			[167/500] Processing clinteastwood.songdta_ps4...
			[168/500] Processing awomaninlovelive.songdta_ps4...
			[169/500] Processing lasttraintoclarksville.songdta_ps4...
			[170/500] Processing cantletgo_lucinda.songdta_ps4...
			[171/500] Processing beethovensc.songdta_ps4...
			[172/500] Processing burnrz.songdta_ps4...
			[173/500] Processing adaylikethis.songdta_ps4...
			[174/500] Processing irishbloodenglishheart.songdta_ps4...
			[175/500] Processing koolthing.songdta_ps4...
			[176/500] Processing coldrainandsnow.songdta_ps4...
			[177/500] Processing andjusticeforall.songdta_ps4...
			[178/500] Processing deadleavesdirtyground.songdta_ps4...
			[179/500] Processing ididntsayiwas.songdta_ps4...
			[180/500] Processing ithurts.songdta_ps4...
			[181/500] Processing caniplaywithmadness.songdta_ps4...
			[182/500] Processing america.songdta_ps4...
			[183/500] Processing letforeverbe.songdta_ps4...
			[184/500] Processing allmylife.songdta_ps4...
			[185/500] Processing hellsbells_live.songdta_ps4...
			[186/500] Processing jesusfreak.songdta_ps4...
			[187/500] Processing callmewhenyouresober.songdta_ps4...
			[188/500] Processing letloverule.songdta_ps4...
			[189/500] Processing iaintsuperstitious.songdta_ps4...
			[190/500] Processing 3sand7s.songdta_ps4...
			[191/500] Processing dontyouevah.songdta_ps4...
			[192/500] Processing entangled.songdta_ps4...
			[193/500] Processing bathwater.songdta_ps4...
			[194/500] Processing intouch.songdta_ps4...
			[195/500] Processing icouldhavelied.songdta_ps4...
			[196/500] Processing adamssong.songdta_ps4...
			[197/500] Processing allthethingsthatgo.songdta_ps4...
			[198/500] Processing bulletsandguns.songdta_ps4...
			[199/500] Processing californiauberalles.songdta_ps4...
			[200/500] Processing bestofme.songdta_ps4...
			[201/500] Processing highwaytohell_live.songdta_ps4...
			[202/500] Processing livinatthecorner.songdta_ps4...
			[203/500] Processing heavyduty.songdta_ps4...
			[204/500] Processing hangyoufromtheheavens.songdta_ps4...
			[205/500] Processing itoldyouso.songdta_ps4...
			[206/500] Processing indreams.songdta_ps4...
			[207/500] Processing longtrainrunnin.songdta_ps4...
			[208/500] Processing devilsisland.songdta_ps4...
			[209/500] Processing collector.songdta_ps4...
			[210/500] Processing levitate.songdta_ps4...
			[211/500] Processing februarystars.songdta_ps4...
			[212/500] Processing bigbottom.songdta_ps4...
			[213/500] Processing beverlyhills.songdta_ps4...
			[214/500] Processing hillbillydeluxe.songdta_ps4...
			[215/500] Processing everfalleninlove.songdta_ps4...
			[216/500] Processing imtheman.songdta_ps4...
			[217/500] Processing chestfeverlive.songdta_ps4...
			[218/500] Processing cantstoprockin.songdta_ps4...
			[219/500] Processing lastofmykind.songdta_ps4...
			[220/500] Processing indestructible.songdta_ps4...
			[221/500] Processing batcountry.songdta_ps4...
			[222/500] Processing eastjesusnowhere.songdta_ps4...
			[223/500] Processing idontwanttogotoschool.songdta_ps4...
			[224/500] Processing closertotheheart.songdta_ps4...
			[225/500] Processing alotlikeme.songdta_ps4...
			[226/500] Processing girlfriendisbetter.songdta_ps4...
			[227/500] Processing indians.songdta_ps4...
			[228/500] Processing deep.songdta_ps4...
			[229/500] Processing jetlive.songdta_ps4...
			[230/500] Processing icanttakemyeyes.songdta_ps4...
			[231/500] Processing ishotthesheriff.songdta_ps4...
			[232/500] Processing hysteria.songdta_ps4...
			[233/500] Processing feelgoodinc.songdta_ps4...
			[234/500] Processing imustnotthink.songdta_ps4...
			[235/500] Processing electriccrown.songdta_ps4...
			[236/500] Processing badluck.songdta_ps4...
			[237/500] Processing forever.songdta_ps4...
			[238/500] Processing fijatebien.songdta_ps4...
			[239/500] Processing ithappens.songdta_ps4...
			[240/500] Processing diaryofjane.songdta_ps4...
			[241/500] Processing feedthetree.songdta_ps4...
			[242/500] Processing lifeisbeautiful.songdta_ps4...
			[243/500] Processing goneaway.songdta_ps4...
			[244/500] Processing flowerpeople.songdta_ps4...
			[245/500] Processing exgirlfriend.songdta_ps4...
			[246/500] Processing haypocorockandroll.songdta_ps4...
			[247/500] Processing buffalosoldier.songdta_ps4...
			[248/500] Processing gone.songdta_ps4...
			[249/500] Processing kryptonite.songdta_ps4...
			[250/500] Processing headoverfeet.songdta_ps4...
			[251/500] Processing backfromthedead.songdta_ps4...
			[252/500] Processing christiansinferno.songdta_ps4...
			[253/500] Processing hellionelectriceye.songdta_ps4...
			[254/500] Processing livelifeloud.songdta_ps4...
			[255/500] Processing cmoncmon.songdta_ps4...
			[256/500] Processing cherrywaves.songdta_ps4...
			[257/500] Processing countdowntoinsanity.songdta_ps4...
			[258/500] Processing fireonthemountain.songdta_ps4...
			[259/500] Processing littlemisslover.songdta_ps4...
			[260/500] Processing lithiumlive.songdta_ps4...
			[261/500] Processing couldyoubeloved.songdta_ps4...
			[262/500] Processing limelight.songdta_ps4...
			[263/500] Processing heartkiller.songdta_ps4...
			[264/500] Processing hellagood.songdta_ps4...
			[265/500] Processing andres.songdta_ps4...
			[266/500] Processing huckleberrycrumble.songdta_ps4...
			[267/500] Processing iknowwhereyou.songdta_ps4...
			[268/500] Processing employeeofthemonth.songdta_ps4...
			[269/500] Processing headphoneson.songdta_ps4...
			[270/500] Processing floods.songdta_ps4...
			[271/500] Processing gonnaseemyfriend.songdta_ps4...
			[272/500] Processing dunebuggy.songdta_ps4...
			[273/500] Processing dontstop.songdta_ps4...
			[274/500] Processing dammit.songdta_ps4...
			[275/500] Processing 21guns.songdta_ps4...
			[276/500] Processing clubfoot.songdta_ps4...
			[277/500] Processing beautifulthieves.songdta_ps4...
			[278/500] Processing freedomtrain.songdta_ps4...
			[279/500] Processing liar.songdta_ps4...
			[280/500] Processing exodus.songdta_ps4...
			[281/500] Processing imgoneimgoing.songdta_ps4...
			[282/500] Processing facedowninthedirt.songdta_ps4...
			[283/500] Processing fever.songdta_ps4...
			[284/500] Processing chinesedemocracy.songdta_ps4...
			[285/500] Processing hellaintabadplace_live.songdta_ps4...
			[286/500] Processing hitcharide.songdta_ps4...
			[287/500] Processing imissyou.songdta_ps4...
			[288/500] Processing fascination.songdta_ps4...
			[289/500] Processing lookinforagoodtime.songdta_ps4...
			[290/500] Processing accordingtoyou.songdta_ps4...
			[291/500] Processing crawl.songdta_ps4...
			[292/500] Processing funk49.songdta_ps4...
			[293/500] Processing asylum.songdta_ps4...
			[294/500] Processing devour.songdta_ps4...
			[295/500] Processing ifoughtthelaw.songdta_ps4...
			[296/500] Processing fafafafafa.songdta_ps4...
			[297/500] Processing action.songdta_ps4...
			[298/500] Processing americanmusic.songdta_ps4...
			[299/500] Processing goodmorningblackfriday.songdta_ps4...
			[300/500] Processing lifeline.songdta_ps4...
			[301/500] Processing cherrybomb.songdta_ps4...
			[302/500] Processing allofthis.songdta_ps4...
			[303/500] Processing cuzurnext.songdta_ps4...
			[304/500] Processing liveforever.songdta_ps4...
			[305/500] Processing imeighteenlive.songdta_ps4...
			[306/500] Processing cumberlandblues.songdta_ps4...
			[307/500] Processing amongtheliving.songdta_ps4...
			[308/500] Processing allstar.songdta_ps4...
			[309/500] Processing highwaychile.songdta_ps4...
			[310/500] Processing charlene.songdta_ps4...
			[311/500] Processing breakdownlive.songdta_ps4...
			[312/500] Processing empireofthegun.songdta_ps4...
			[313/500] Processing bullsonparade.songdta_ps4...
			[314/500] Processing acleanshot.songdta_ps4...
			[315/500] Processing alookinginview.songdta_ps4...
			[316/500] Processing featherpluckn.songdta_ps4...
			[317/500] Processing flyonthewall.songdta_ps4...
			[318/500] Processing bigempty.songdta_ps4...
			[319/500] Processing livingwell.songdta_ps4...
			[320/500] Processing ironic.songdta_ps4...
			[321/500] Processing bulletproof.songdta_ps4...
			[322/500] Processing houndsoflove.songdta_ps4...
			[323/500] Processing byob.songdta_ps4...
			[324/500] Processing allrightnow.songdta_ps4...
			[325/500] Processing jesuschristpose.songdta_ps4...
			[326/500] Processing figuredyouout.songdta_ps4...
			[327/500] Processing losangeles.songdta_ps4...
			[328/500] Processing lookingoutmybackdoor.songdta_ps4...
			[329/500] Processing handlebars.songdta_ps4...
			[330/500] Processing 10s.songdta_ps4...
			[331/500] Processing behindblueeyes.songdta_ps4...
			[332/500] Processing girluwant.songdta_ps4...
			[333/500] Processing brassinpocket.songdta_ps4...
			[334/500] Processing dawnpatrol.songdta_ps4...
			[335/500] Processing heavenbesideyou.songdta_ps4...
			[336/500] Processing fivemagics.songdta_ps4...
			[337/500] Processing funkysexfarm.songdta_ps4...
			[338/500] Processing justagirl.songdta_ps4...
			[339/500] Processing boldaslove.songdta_ps4...
			[340/500] Processing leavinghere.songdta_ps4...
			[341/500] Processing creamandbastards.songdta_ps4...
			[342/500] Processing 100000years.songdta_ps4...
			[343/500] Processing hangar18.songdta_ps4...
			[344/500] Processing hanukkahblessings.songdta_ps4...
			[345/500] Processing creepstp.songdta_ps4...
			[346/500] Processing givesyouhell.songdta_ps4...
			[347/500] Processing girlsonfilm.songdta_ps4...
			[348/500] Processing likeafool.songdta_ps4...
			[349/500] Processing borntoquit.songdta_ps4...
			[350/500] Processing linger.songdta_ps4...
			[351/500] Processing forceofnature.songdta_ps4...
			[352/500] Processing downonthecorner.songdta_ps4...
			[353/500] Processing illstickaround.songdta_ps4...
			[354/500] Processing completecontrol.songdta_ps4...
			[355/500] Processing enoughspace.songdta_ps4...
			[356/500] Processing capricididiablo.songdta_ps4...
			[357/500] Processing 21stcentdigiboy.songdta_ps4...
			[358/500] Processing areyougonnagomyway.songdta_ps4...
			[359/500] Processing heyjohnnypark.songdta_ps4...
			[360/500] Processing areyouexperienced.songdta_ps4...
			[361/500] Processing decentdaysandnights.songdta_ps4...
			[362/500] Processing better.songdta_ps4...
			[363/500] Processing lacamisanegra.songdta_ps4...
			[364/500] Processing funkymonks.songdta_ps4...
			[365/500] Processing crazylittlething.songdta_ps4...
			[366/500] Processing bangbang.songdta_ps4...
			[367/500] Processing badomen.songdta_ps4...
			[368/500] Processing ickythump.songdta_ps4...
			[369/500] Processing beautiful.songdta_ps4...
			[370/500] Processing bangagong.songdta_ps4...
			[371/500] Processing childrenoftherevolution.songdta_ps4...
			[372/500] Processing littlewing.songdta_ps4...
			[373/500] Processing imageoftheinvisible.songdta_ps4...
			[374/500] Processing bestofyou.songdta_ps4...
			[375/500] Processing breed.songdta_ps4...
			[376/500] Processing crackityjones.songdta_ps4...
			[377/500] Processing hitmewithyourbestshot.songdta_ps4...
			[378/500] Processing if6was9.songdta_ps4...
			[379/500] Processing animal.songdta_ps4...
			[380/500] Processing downfall.songdta_ps4...
			[381/500] Processing getout.songdta_ps4...
			[382/500] Processing fancy.songdta_ps4...
			[383/500] Processing killingjar.songdta_ps4...
			[384/500] Processing howdoyoulikemenow.songdta_ps4...
			[385/500] Processing jesusbuiltmyhotrod.songdta_ps4...
			[386/500] Processing lonelyasyou.songdta_ps4...
			[387/500] Processing criticalacclaim.songdta_ps4...
			[388/500] Processing centurycitylive.songdta_ps4...
			[389/500] Processing darlingdear.songdta_ps4...
			[390/500] Processing crosseyedandpainless.songdta_ps4...
			[391/500] Processing badtothebone.songdta_ps4...
			[392/500] Processing beatitondowntheline.songdta_ps4...
			[393/500] Processing endtransmission.songdta_ps4...
			[394/500] Processing aceshigh_live.songdta_ps4...
			[395/500] Processing eatmealivelive.songdta_ps4...
			[396/500] Processing down.songdta_ps4...
			[397/500] Processing breakingthelawlive.songdta_ps4...
			[398/500] Processing imnotokay.songdta_ps4...
			[399/500] Processing littlesister.songdta_ps4...
			[400/500] Processing forthoseabouttorock_live.songdta_ps4...
			[401/500] Processing feelingthis.songdta_ps4...
			[402/500] Processing firelive.songdta_ps4...
			[403/500] Processing headknocker.songdta_ps4...
			[404/500] Processing chiron.songdta_ps4...
			[405/500] Processing idontwannastop.songdta_ps4...
			[406/500] Processing happynow.songdta_ps4...
			[407/500] Processing justwhatineeded.songdta_ps4...
			[408/500] Processing heyjoelive.songdta_ps4...
			[409/500] Processing irs.songdta_ps4...
			[410/500] Processing debaser.songdta_ps4...
			[411/500] Processing freeandeasy.songdta_ps4...
			[412/500] Processing livingaftermidnightlive.songdta_ps4...
			[413/500] Processing isthislove.songdta_ps4...
			[414/500] Processing iamarock.songdta_ps4...
			[415/500] Processing losingmyreligion.songdta_ps4...
			[416/500] Processing aloneinmyhead.songdta_ps4...
			[417/500] Processing dearestimsosorry.songdta_ps4...
			[418/500] Processing badromance.songdta_ps4...
			[419/500] Processing hockeytheme.songdta_ps4...
			[420/500] Processing goodtime.songdta_ps4...
			[421/500] Processing holydiver.songdta_ps4...
			[422/500] Processing breakmyheart.songdta_ps4...
			[423/500] Processing duality.songdta_ps4...
			[424/500] Processing allamericangirl.songdta_ps4...
			[425/500] Processing lastoftheamerican.songdta_ps4...
			[426/500] Processing adioslepido.songdta_ps4...
			[427/500] Processing getready2rokk.songdta_ps4...
			[428/500] Processing fakefriends.songdta_ps4...
			[429/500] Processing beerformyhorses.songdta_ps4...
			[430/500] Processing lalaloveyou.songdta_ps4...
			[431/500] Processing gaybar.songdta_ps4...
			[432/500] Processing deuce.songdta_ps4...
			[433/500] Processing cameraeye.songdta_ps4...
			[434/500] Processing buddyholly.songdta_ps4...
			[435/500] Processing girlyouhavenofaith.songdta_ps4...
			[436/500] Processing letmehearyouscream.songdta_ps4...
			[437/500] Processing getyourrockon.songdta_ps4...
			[438/500] Processing beetlebum.songdta_ps4...
			[439/500] Processing idontlikeyou.songdta_ps4...
			[440/500] Processing godzilla.songdta_ps4...
			[441/500] Processing 7things.songdta_ps4...
			[442/500] Processing imsickyall.songdta_ps4...
			[443/500] Processing hellhole.songdta_ps4...
			[444/500] Processing black.songdta_ps4...
			[445/500] Processing eventhelosers.songdta_ps4...
			[446/500] Processing holywars.songdta_ps4...
			[447/500] Processing apacherosepeacock.songdta_ps4...
			[448/500] Processing handmedownworld.songdta_ps4...
			[449/500] Processing letthereberock_live.songdta_ps4...
			[450/500] Processing feelslikethefirsttime.songdta_ps4...
			[451/500] Processing interstatelovesong.songdta_ps4...
			[452/500] Processing datewiththenight.songdta_ps4...
			[453/500] Processing jeremy.songdta_ps4...
			[454/500] Processing kidsdontfollow.songdta_ps4...
			[455/500] Processing comeasyouarelive.songdta_ps4...
			[456/500] Processing bringmetolife.songdta_ps4...
			[457/500] Processing embedded.songdta_ps4...
			[458/500] Processing americangirl.songdta_ps4...
			[459/500] Processing insidethefire.songdta_ps4...
			[460/500] Processing control.songdta_ps4...
			[461/500] Processing draintheblood.songdta_ps4...
			[462/500] Processing justbreathe.songdta_ps4...
			[463/500] Processing goingunderground.songdta_ps4...
			[464/500] Processing athingaboutyou.songdta_ps4...
			[465/500] Processing catcherintherye.songdta_ps4...
			[466/500] Processing buildabridge.songdta_ps4...
			[467/500] Processing billiondollarlive.songdta_ps4...
			[468/500] Processing lastonetodie.songdta_ps4...
			[469/500] Processing lesstalkmorerokk.songdta_ps4...
			[470/500] Processing dropitlikeitshot.songdta_ps4...
			[471/500] Processing dontstopbelieving.songdta_ps4...
			[472/500] Processing alivelive.songdta_ps4...
			[473/500] Processing callme.songdta_ps4...
			[474/500] Processing aestheticsofhate.songdta_ps4...
			[475/500] Processing fortunateson2.songdta_ps4...
			[476/500] Processing hardtohandle.songdta_ps4...
			[477/500] Processing doyouwantto.songdta_ps4...
			[478/500] Processing hierkommtalex.songdta_ps4...
			[479/500] Processing bornonthebayou.songdta_ps4...
			[480/500] Processing emptywalls.songdta_ps4...
			[481/500] Processing heybaby.songdta_ps4...
			[482/500] Processing kickstartmyheart.songdta_ps4...
			[483/500] Processing bounce.songdta_ps4...
			[484/500] Processing crylonely.songdta_ps4...
			[485/500] Processing 2minutestomidnight.songdta_ps4...
			[486/500] Processing closer.songdta_ps4...
			[487/500] Processing 13stepstonowhere.songdta_ps4...
			[488/500] Processing flathead.songdta_ps4...
			[489/500] Processing idealistictypes.songdta_ps4...
			[490/500] Processing allmixedup.songdta_ps4...
			[491/500] Processing cheeseburgerinparadise.songdta_ps4...
			[492/500] Processing lastresort.songdta_ps4...
			[493/500] Processing kingsandqueens.songdta_ps4...
			[494/500] Processing areyoudeadyet.songdta_ps4...
			[495/500] Processing firstdate.songdta_ps4...
			[496/500] Processing allgoingouttogether.songdta_ps4...
			[497/500] Processing chinacatsunflower.songdta_ps4...
			[498/500] Processing hesarocker.songdta_ps4...
			[499/500] Processing crazybabies.songdta_ps4...
			[500/500] Processing desperatetimes.songdta_ps4...
			Done. Extracted 500 songs.
			Writing to /workspace/rb4_temp/metadata_UP8802-CUSA02084_00-RBLEGACYDLCPASS1-A0000-V0100.json...
			Done!
		Extracted 500 songs
		[4/4] Cleaning up extraction files...
	✓ Done: UP8802-CUSA02084_00-RBLEGACYDLCPASS1-A0000-V0100.pkg
	Cleaned up UP8802-CUSA02084_00-RBLEGACYDLCPASS1-A0000-V0100.pkg to free space
Progress: 88% (87/98 PKGs) | Total songs: 2572
[88/98] Fetching: UP8802-CUSA02084_00-RBLEGACYDLCPASS2-A0000-V0100.pkg
[88/98] Processing: UP8802-CUSA02084_00-RBLEGACYDLCPASS2-A0000-V0100.pkg
		[1/4] Extracting: UP8802-CUSA02084_00-RBLEGACYDLCPASS2-A0000-V0100.pkg
		[2/4] Extracting PFS image...
		[3/4] Extracting song data from PFS...
			Extracting in parallel...
			Found 524 .songdta_ps4 files to process...
			[1/524] Processing towncalledmalice.songdta_ps4...
			[2/524] Processing melatonin.songdta_ps4...
			[3/524] Processing walklikeanegyptian.songdta_ps4...
			[4/524] Processing onlyamemory.songdta_ps4...
			[5/524] Processing nakedintherain.songdta_ps4...
			[6/524] Processing wonderwall.songdta_ps4...
			[7/524] Processing thefixer.songdta_ps4...
			[8/524] Processing outhereallnight.songdta_ps4...
			[9/524] Processing nightmare2.songdta_ps4...
			[10/524] Processing stopstartagain.songdta_ps4...
			[11/524] Processing theclimb.songdta_ps4...
			[12/524] Processing warzone.songdta_ps4...
			[13/524] Processing purplehaze.songdta_ps4...
			[14/524] Processing outerspaceaf.songdta_ps4...
			[15/524] Processing pigsinzen.songdta_ps4...
			[16/524] Processing mynameisjonas.songdta_ps4...
			[17/524] Processing tame.songdta_ps4...
			[18/524] Processing messageinabottle.songdta_ps4...
			[19/524] Processing lovestruckbaby.songdta_ps4...
			[20/524] Processing thirdstonefromthesun.songdta_ps4...
			[21/524] Processing theleavingpt2.songdta_ps4...
			[22/524] Processing thischarmingman.songdta_ps4...
			[23/524] Processing timebomb2.songdta_ps4...
			[24/524] Processing witchhunt.songdta_ps4...
			[25/524] Processing suicidenotept2.songdta_ps4...
			[26/524] Processing mollychambers.songdta_ps4...
			[27/524] Processing steadyatthewheel.songdta_ps4...
			[28/524] Processing orangeamber.songdta_ps4...
			[29/524] Processing tellme.songdta_ps4...
			[30/524] Processing tornadoofsouls.songdta_ps4...
			[31/524] Processing maryhadalittlelamb.songdta_ps4...
			[32/524] Processing proudmary2.songdta_ps4...
			[33/524] Processing wakeupcall.songdta_ps4...
			[34/524] Processing meanttolive.songdta_ps4...
			[35/524] Processing walkingonthemoon.songdta_ps4...
			[36/524] Processing thedopeshow.songdta_ps4...
			[37/524] Processing steadyasshegoes.songdta_ps4...
			[38/524] Processing peekaboo.songdta_ps4...
			[39/524] Processing thisonesforthegirls.songdta_ps4...
			[40/524] Processing timesickson.songdta_ps4...
			[41/524] Processing tnt_live.songdta_ps4...
			[42/524] Processing mybestfriendsgirl.songdta_ps4...
			[43/524] Processing marchofthepigs.songdta_ps4...
			[44/524] Processing pointofknowreturn.songdta_ps4...
			[45/524] Processing rattlesnakeshake.songdta_ps4...
			[46/524] Processing thedownfallofusall.songdta_ps4...
			[47/524] Processing tellherno.songdta_ps4...
			[48/524] Processing psychosocial.songdta_ps4...
			[49/524] Processing theconjuring.songdta_ps4...
			[50/524] Processing thegreetingsong.songdta_ps4...
			[51/524] Processing yourealligot.songdta_ps4...
			[52/524] Processing newwayhome.songdta_ps4...
			[53/524] Processing upfromtheskies.songdta_ps4...
			[54/524] Processing smellsliketeen.songdta_ps4...
			[55/524] Processing thepretender.songdta_ps4...
			[56/524] Processing stupify.songdta_ps4...
			[57/524] Processing lovelikewinter.songdta_ps4...
			[58/524] Processing newwave.songdta_ps4...
			[59/524] Processing newfang.songdta_ps4...
			[60/524] Processing sinwagon.songdta_ps4...
			[61/524] Processing singthechanges.songdta_ps4...
			[62/524] Processing testify_srv.songdta_ps4...
			[63/524] Processing ridethelightning.songdta_ps4...
			[64/524] Processing painandpleasure.songdta_ps4...
			[65/524] Processing thisisexile.songdta_ps4...
			[66/524] Processing sortof.songdta_ps4...
			[67/524] Processing whosgoinghome.songdta_ps4...
			[68/524] Processing onceinalifetime.songdta_ps4...
			[69/524] Processing missindependent.songdta_ps4...
			[70/524] Processing prostitute.songdta_ps4...
			[71/524] Processing themetal.songdta_ps4...
			[72/524] Processing throughbeingcool.songdta_ps4...
			[73/524] Processing outtathaway.songdta_ps4...
			[74/524] Processing thekill.songdta_ps4...
			[75/524] Processing shimmerandshine.songdta_ps4...
			[76/524] Processing thatsthahomie.songdta_ps4...
			[77/524] Processing yougotmefloatin.songdta_ps4...
			[78/524] Processing rehash.songdta_ps4...
			[79/524] Processing pickmeup.songdta_ps4...
			[80/524] Processing skullcrushermt.songdta_ps4...
			[81/524] Processing redtandy.songdta_ps4...
			[82/524] Processing sorrow.songdta_ps4...
			[83/524] Processing precious.songdta_ps4...
			[84/524] Processing sugarmagnolia.songdta_ps4...
			[85/524] Processing meanwomanblues.songdta_ps4...
			[86/524] Processing timebomb.songdta_ps4...
			[87/524] Processing stricken.songdta_ps4...
			[88/524] Processing shedoes.songdta_ps4...
			[89/524] Processing panicswitch.songdta_ps4...
			[90/524] Processing theperfectcrimeno2.songdta_ps4...
			[91/524] Processing soundsofsilence.songdta_ps4...
			[92/524] Processing youcandoit.songdta_ps4...
			[93/524] Processing savior.songdta_ps4...
			[94/524] Processing nib.songdta_ps4...
			[95/524] Processing whatsthefrequencykenneth.songdta_ps4...
			[96/524] Processing sheisahandsomewoman.songdta_ps4...
			[97/524] Processing wholelottarosie_live.songdta_ps4...
			[98/524] Processing neveragain.songdta_ps4...
			[99/524] Processing shake.songdta_ps4...
			[100/524] Processing youngerbums.songdta_ps4...
			[101/524] Processing mellowshipslinkyinbmajor.songdta_ps4...
			[102/524] Processing valleysofneptune.songdta_ps4...
			[103/524] Processing reyourbrains.songdta_ps4...
			[104/524] Processing malagente.songdta_ps4...
			[105/524] Processing undone.songdta_ps4...
			[106/524] Processing stopandstare.songdta_ps4...
			[107/524] Processing whygo.songdta_ps4...
			[108/524] Processing thatshowiescaped.songdta_ps4...
			[109/524] Processing whatsitfeellike.songdta_ps4...
			[110/524] Processing would.songdta_ps4...
			[111/524] Processing ourlipsaresealed.songdta_ps4...
			[112/524] Processing windmeup.songdta_ps4...
			[113/524] Processing shethinksmytractorssexy.songdta_ps4...
			[114/524] Processing thebanishment.songdta_ps4...
			[115/524] Processing roxanne.songdta_ps4...
			[116/524] Processing mylastwords.songdta_ps4...
			[117/524] Processing shesfetching.songdta_ps4...
			[118/524] Processing once.songdta_ps4...
			[119/524] Processing rockandrollcreation.songdta_ps4...
			[120/524] Processing stayaway.songdta_ps4...
			[121/524] Processing simplekindoflife.songdta_ps4...
			[122/524] Processing tomorrow.songdta_ps4...
			[123/524] Processing straightlines.songdta_ps4...
			[124/524] Processing mudonthetires.songdta_ps4...
			[125/524] Processing warpigs.songdta_ps4...
			[126/524] Processing thisilove.songdta_ps4...
			[127/524] Processing thejack_live.songdta_ps4...
			[128/524] Processing thisisit.songdta_ps4...
			[129/524] Processing tellmebaby.songdta_ps4...
			[130/524] Processing renegade.songdta_ps4...
			[131/524] Processing reddevil.songdta_ps4...
			[132/524] Processing selfesteem.songdta_ps4...
			[133/524] Processing touchofgrey.songdta_ps4...
			[134/524] Processing oceansize.songdta_ps4...
			[135/524] Processing shegoesdown.songdta_ps4...
			[136/524] Processing withoutyou.songdta_ps4...
			[137/524] Processing shesagenius.songdta_ps4...
			[138/524] Processing onaplain.songdta_ps4...
			[139/524] Processing wilsonlive.songdta_ps4...
			[140/524] Processing unthoughtknown.songdta_ps4...
			[141/524] Processing mrgrieves.songdta_ps4...
			[142/524] Processing thisaintascene.songdta_ps4...
			[143/524] Processing mica.songdta_ps4...
			[144/524] Processing workingman2.songdta_ps4...
			[145/524] Processing lovespreads.songdta_ps4...
			[146/524] Processing tieyoudown.songdta_ps4...
			[147/524] Processing porkandbeans.songdta_ps4...
			[148/524] Processing straycatstrut.songdta_ps4...
			[149/524] Processing whatahorriblenight.songdta_ps4...
			[150/524] Processing youdonthavetobeoldlive.songdta_ps4...
			[151/524] Processing traininvain.songdta_ps4...
			[152/524] Processing takethemoney.songdta_ps4...
			[153/524] Processing toomuchtimeonmyhands.songdta_ps4...
			[154/524] Processing upthebeach.songdta_ps4...
			[155/524] Processing radiofreeeurope.songdta_ps4...
			[156/524] Processing myhero.songdta_ps4...
			[157/524] Processing silver.songdta_ps4...
			[158/524] Processing prettynoose.songdta_ps4...
			[159/524] Processing wastedyears.songdta_ps4...
			[160/524] Processing luckydenvermint.songdta_ps4...
			[161/524] Processing scream.songdta_ps4...
			[162/524] Processing worldturning.songdta_ps4...
			[163/524] Processing yourtouch.songdta_ps4...
			[164/524] Processing shiningstar.songdta_ps4...
			[165/524] Processing scarletbegonias.songdta_ps4...
			[166/524] Processing swing.songdta_ps4...
			[167/524] Processing porch.songdta_ps4...
			[168/524] Processing powerslave.songdta_ps4...
			[169/524] Processing suckmykiss.songdta_ps4...
			[170/524] Processing saucyjack.songdta_ps4...
			[171/524] Processing photograph.songdta_ps4...
			[172/524] Processing magneticbaby.songdta_ps4...
			[173/524] Processing rebelyell.songdta_ps4...
			[174/524] Processing wastedagain.songdta_ps4...
			[175/524] Processing takemeout.songdta_ps4...
			[176/524] Processing somethingintheway.songdta_ps4...
			[177/524] Processing roam.songdta_ps4...
			[178/524] Processing sixteen.songdta_ps4...
			[179/524] Processing theflood.songdta_ps4...
			[180/524] Processing pokerface.songdta_ps4...
			[181/524] Processing metalgodslive.songdta_ps4...
			[182/524] Processing youshookme_live.songdta_ps4...
			[183/524] Processing whydoyouloveme.songdta_ps4...
			[184/524] Processing tragickingdom.songdta_ps4...
			[185/524] Processing monstergaga.songdta_ps4...
			[186/524] Processing ride.songdta_ps4...
			[187/524] Processing whoareyou.songdta_ps4...
			[188/524] Processing stigmata.songdta_ps4...
			[189/524] Processing perfektewelle.songdta_ps4...
			[190/524] Processing upinarms.songdta_ps4...
			[191/524] Processing storyofmylife.songdta_ps4...
			[192/524] Processing timeisrunningout.songdta_ps4...
			[193/524] Processing pickupthepieces.songdta_ps4...
			[194/524] Processing rockandrollband.songdta_ps4...
			[195/524] Processing stiritup.songdta_ps4...
			[196/524] Processing myironlung.songdta_ps4...
			[197/524] Processing radioradio.songdta_ps4...
			[198/524] Processing stillalive.songdta_ps4...
			[199/524] Processing wearetheroadcrew.songdta_ps4...
			[200/524] Processing socold.songdta_ps4...
			[201/524] Processing shouldvebeenacowboy.songdta_ps4...
			[202/524] Processing rocknrolldream.songdta_ps4...
			[203/524] Processing soulsucker.songdta_ps4...
			[204/524] Processing tieyourmotherdown.songdta_ps4...
			[205/524] Processing prettyinpink.songdta_ps4...
			[206/524] Processing movinginstereo.songdta_ps4...
			[207/524] Processing whitefalconfuzz.songdta_ps4...
			[208/524] Processing transmaniaconmc.songdta_ps4...
			[209/524] Processing stop.songdta_ps4...
			[210/524] Processing maryjane.songdta_ps4...
			[211/524] Processing mysharona.songdta_ps4...
			[212/524] Processing spacecowboy.songdta_ps4...
			[213/524] Processing onerainywish.songdta_ps4...
			[214/524] Processing sixsixsix.songdta_ps4...
			[215/524] Processing takethesechains.songdta_ps4...
			[216/524] Processing yourenorocknrollfun.songdta_ps4...
			[217/524] Processing rocknrollnightmare.songdta_ps4...
			[218/524] Processing sturmunddrang.songdta_ps4...
			[219/524] Processing thieves.songdta_ps4...
			[220/524] Processing release.songdta_ps4...
			[221/524] Processing myoldschool.songdta_ps4...
			[222/524] Processing tedjustadmitit.songdta_ps4...
			[223/524] Processing thewaitinglive.songdta_ps4...
			[224/524] Processing unitedlive.songdta_ps4...
			[225/524] Processing windup.songdta_ps4...
			[226/524] Processing thepowerofequality.songdta_ps4...
			[227/524] Processing thetimeiswrong.songdta_ps4...
			[228/524] Processing thunderstruck_live.songdta_ps4...
			[229/524] Processing luciddreams.songdta_ps4...
			[230/524] Processing nightwatchmanlive.songdta_ps4...
			[231/524] Processing rocknrollqueen.songdta_ps4...
			[232/524] Processing thebroken.songdta_ps4...
			[233/524] Processing wouldyougowithme.songdta_ps4...
			[234/524] Processing thekidsarentalright.songdta_ps4...
			[235/524] Processing shoottothrill_live.songdta_ps4...
			[236/524] Processing timeforchange.songdta_ps4...
			[237/524] Processing monkeywrench.songdta_ps4...
			[238/524] Processing thisisacall.songdta_ps4...
			[239/524] Processing mycurse.songdta_ps4...
			[240/524] Processing takebackthecity.songdta_ps4...
			[241/524] Processing vitalsigns.songdta_ps4...
			[242/524] Processing useme.songdta_ps4...
			[243/524] Processing writingonthewall.songdta_ps4...
			[244/524] Processing oobydooby.songdta_ps4...
			[245/524] Processing poison.songdta_ps4...
			[246/524] Processing shesellssanctuary.songdta_ps4...
			[247/524] Processing sleepwalker.songdta_ps4...
			[248/524] Processing scraped.songdta_ps4...
			[249/524] Processing openingband.songdta_ps4...
			[250/524] Processing oceans.songdta_ps4...
			[251/524] Processing women.songdta_ps4...
			[252/524] Processing toxicity.songdta_ps4...
			[253/524] Processing wakeupdead.songdta_ps4...
			[254/524] Processing wheels.songdta_ps4...
			[255/524] Processing tenspeed.songdta_ps4...
			[256/524] Processing makedamnsure.songdta_ps4...
			[257/524] Processing sudsinabucket.songdta_ps4...
			[258/524] Processing lovemyway.songdta_ps4...
			[259/524] Processing whiteunicorn.songdta_ps4...
			[260/524] Processing rio.songdta_ps4...
			[261/524] Processing wellthoughtouttwinkles.songdta_ps4...
			[262/524] Processing margaritaville.songdta_ps4...
			[263/524] Processing screamingfor.songdta_ps4...
			[264/524] Processing loveman.songdta_ps4...
			[265/524] Processing smilelikeyoumeanit.songdta_ps4...
			[266/524] Processing stonehenge.songdta_ps4...
			[267/524] Processing prettyflyforawhiteguy.songdta_ps4...
			[268/524] Processing useit.songdta_ps4...
			[269/524] Processing waitinginvain.songdta_ps4...
			[270/524] Processing prayeroftherefugee.songdta_ps4...
			[271/524] Processing thankyouboys.songdta_ps4...
			[272/524] Processing odetosolitude.songdta_ps4...
			[273/524] Processing yyz.songdta_ps4...
			[274/524] Processing perfectinsanity.songdta_ps4...
			[275/524] Processing moonagedaydream.songdta_ps4...
			[276/524] Processing yougotit.songdta_ps4...
			[277/524] Processing mrcabdriver.songdta_ps4...
			[278/524] Processing songwithamission.songdta_ps4...
			[279/524] Processing thrasher.songdta_ps4...
			[280/524] Processing showmetheway.songdta_ps4...
			[281/524] Processing monsoon.songdta_ps4...
			[282/524] Processing territorialpissing.songdta_ps4...
			[283/524] Processing reinventingyourexit.songdta_ps4...
			[284/524] Processing shesahottie.songdta_ps4...
			[285/524] Processing stonefree.songdta_ps4...
			[286/524] Processing thirdfloorstory.songdta_ps4...
			[287/524] Processing thisisthirteen.songdta_ps4...
			[288/524] Processing whatsmyageagain.songdta_ps4...
			[289/524] Processing thetrooper.songdta_ps4...
			[290/524] Processing pokerfacecartman.songdta_ps4...
			[291/524] Processing thegambler.songdta_ps4...
			[292/524] Processing thunderbirdsarego.songdta_ps4...
			[293/524] Processing missmurder.songdta_ps4...
			[294/524] Processing nineteeneightythree.songdta_ps4...
			[295/524] Processing thrashunreal.songdta_ps4...
			[296/524] Processing thewaythatitshows.songdta_ps4...
			[297/524] Processing sevennationarmy.songdta_ps4...
			[298/524] Processing therockshow.songdta_ps4...
			[299/524] Processing shessofine.songdta_ps4...
			[300/524] Processing thatswhenireach.songdta_ps4...
			[301/524] Processing pilgrim.songdta_ps4...
			[302/524] Processing redbarchetta.songdta_ps4...
			[303/524] Processing wolflikeme.songdta_ps4...
			[304/524] Processing waituntiltomorrow.songdta_ps4...
			[305/524] Processing voices.songdta_ps4...
			[306/524] Processing somethingaboutyou.songdta_ps4...
			[307/524] Processing schoolsoutlive.songdta_ps4...
			[308/524] Processing zero.songdta_ps4...
			[309/524] Processing timeslikethese.songdta_ps4...
			[310/524] Processing stickysweet.songdta_ps4...
			[311/524] Processing thegreatescape.songdta_ps4...
			[312/524] Processing prequeltothesequel.songdta_ps4...
			[313/524] Processing megasus.songdta_ps4...
			[314/524] Processing redemptionsong.songdta_ps4...
			[315/524] Processing theysay.songdta_ps4...
			[316/524] Processing rockme.songdta_ps4...
			[317/524] Processing wedieyoung.songdta_ps4...
			[318/524] Processing pieceofmyheart.songdta_ps4...
			[319/524] Processing therewasatime.songdta_ps4...
			[320/524] Processing newmoonrising.songdta_ps4...
			[321/524] Processing spaceman.songdta_ps4...
			[322/524] Processing usuck.songdta_ps4...
			[323/524] Processing vengeanceismine.songdta_ps4...
			[324/524] Processing yomp.songdta_ps4...
			[325/524] Processing ontheroadagain.songdta_ps4...
			[326/524] Processing thegreatsatan.songdta_ps4...
			[327/524] Processing thiscalling.songdta_ps4...
			[328/524] Processing standupandshout.songdta_ps4...
			[329/524] Processing yerbatero.songdta_ps4...
			[330/524] Processing queenbitch.songdta_ps4...
			[331/524] Processing rapidfirelive.songdta_ps4...
			[332/524] Processing theyreredhot.songdta_ps4...
			[333/524] Processing theresnootherway.songdta_ps4...
			[334/524] Processing peaceofmind.songdta_ps4...
			[335/524] Processing rescueme.songdta_ps4...
			[336/524] Processing tomsawyer2.songdta_ps4...
			[337/524] Processing rockawaybeach.songdta_ps4...
			[338/524] Processing new.songdta_ps4...
			[339/524] Processing seeyouagain.songdta_ps4...
			[340/524] Processing sexonfire.songdta_ps4...
			[341/524] Processing rockready.songdta_ps4...
			[342/524] Processing seasons.songdta_ps4...
			[343/524] Processing sirpsychosexy.songdta_ps4...
			[344/524] Processing ridingonthewind.songdta_ps4...
			[345/524] Processing oneofthosenights.songdta_ps4...
			[346/524] Processing mybesttheory.songdta_ps4...
			[347/524] Processing sciencegeniusgirl.songdta_ps4...
			[348/524] Processing sonsanddaughters.songdta_ps4...
			[349/524] Processing walkingafteryou.songdta_ps4...
			[350/524] Processing pushit.songdta_ps4...
			[351/524] Processing spiderwebs.songdta_ps4...
			[352/524] Processing morethanafeeling.songdta_ps4...
			[353/524] Processing maythisbelove.songdta_ps4...
			[354/524] Processing wingsofabutterfly.songdta_ps4...
			[355/524] Processing simpleman.songdta_ps4...
			[356/524] Processing originofthespecies.songdta_ps4...
			[357/524] Processing weightoftheworld.songdta_ps4...
			[358/524] Processing yourdecision.songdta_ps4...
			[359/524] Processing stand.songdta_ps4...
			[360/524] Processing yougotanotherthingcoming.songdta_ps4...
			[361/524] Processing minerva.songdta_ps4...
			[362/524] Processing shesnotthere.songdta_ps4...
			[363/524] Processing youngmanblues.songdta_ps4...
			[364/524] Processing rockandrollstar.songdta_ps4...
			[365/524] Processing newdarkages.songdta_ps4...
			[366/524] Processing ridinthestormout.songdta_ps4...
			[367/524] Processing masterslave.songdta_ps4...
			[368/524] Processing skyisover.songdta_ps4...
			[369/524] Processing shockwave.songdta_ps4...
			[370/524] Processing thisiswar.songdta_ps4...
			[371/524] Processing sugarbaby.songdta_ps4...
			[372/524] Processing sistereurope.songdta_ps4...
			[373/524] Processing young.songdta_ps4...
			[374/524] Processing perfectdrug.songdta_ps4...
			[375/524] Processing texasflood.songdta_ps4...
			[376/524] Processing shhh.songdta_ps4...
			[377/524] Processing rockstar.songdta_ps4...
			[378/524] Processing seizetheday.songdta_ps4...
			[379/524] Processing rockyoursocks.songdta_ps4...
			[380/524] Processing smashitup.songdta_ps4...
			[381/524] Processing sulpher.songdta_ps4...
			[382/524] Processing standingintheshower.songdta_ps4...
			[383/524] Processing sinsofmyyouth.songdta_ps4...
			[384/524] Processing theblackparade.songdta_ps4...
			[385/524] Processing sensualseduction.songdta_ps4...
			[386/524] Processing ridininmychevy.songdta_ps4...
			[387/524] Processing whollstoptherain.songdta_ps4...
			[388/524] Processing shoottherunner.songdta_ps4...
			[389/524] Processing sicksicksick.songdta_ps4...
			[390/524] Processing seaandsand.songdta_ps4...
			[391/524] Processing takemetotheriver.songdta_ps4...
			[392/524] Processing prideandjoy.songdta_ps4...
			[393/524] Processing monsterskillet.songdta_ps4...
			[394/524] Processing standintherain.songdta_ps4...
			[395/524] Processing rooster.songdta_ps4...
			[396/524] Processing madagascar.songdta_ps4...
			[397/524] Processing metalthrashingmadlive.songdta_ps4...
			[398/524] Processing midnightrider.songdta_ps4...
			[399/524] Processing manyshadesofblack.songdta_ps4...
			[400/524] Processing spacetruckin.songdta_ps4...
			[401/524] Processing mylovelyman.songdta_ps4...
			[402/524] Processing whiterabbit.songdta_ps4...
			[403/524] Processing startallover.songdta_ps4...
			[404/524] Processing prophecylive.songdta_ps4...
			[405/524] Processing spanishcastlemagic.songdta_ps4...
			[406/524] Processing threelittlebirds.songdta_ps4...
			[407/524] Processing ridinthehook.songdta_ps4...
			[408/524] Processing realgoodlooking.songdta_ps4...
			[409/524] Processing manuchao.songdta_ps4...
			[410/524] Processing mygeneration.songdta_ps4...
			[411/524] Processing thesedays.songdta_ps4...
			[412/524] Processing warmerthanhell.songdta_ps4...
			[413/524] Processing thewagon.songdta_ps4...
			[414/524] Processing rapture.songdta_ps4...
			[415/524] Processing theend2.songdta_ps4...
			[416/524] Processing readysetgo.songdta_ps4...
			[417/524] Processing wheresgary.songdta_ps4...
			[418/524] Processing thashiznit.songdta_ps4...
			[419/524] Processing movealong.songdta_ps4...
			[420/524] Processing takenoprisoners.songdta_ps4...
			[421/524] Processing thetasteofink.songdta_ps4...
			[422/524] Processing onelove.songdta_ps4...
			[423/524] Processing thisafternoon.songdta_ps4...
			[424/524] Processing walkaway.songdta_ps4...
			[425/524] Processing thegreatestman.songdta_ps4...
			[426/524] Processing thewindcriesmary.songdta_ps4...
			[427/524] Processing moneytalks_live.songdta_ps4...
			[428/524] Processing newslang.songdta_ps4...
			[429/524] Processing strangetimes.songdta_ps4...
			[430/524] Processing seeyou.songdta_ps4...
			[431/524] Processing smoothcriminalaaf.songdta_ps4...
			[432/524] Processing tonightimgonna.songdta_ps4...
			[433/524] Processing monymony.songdta_ps4...
			[434/524] Processing thegame.songdta_ps4...
			[435/524] Processing peoplegotalotofnerve.songdta_ps4...
			[436/524] Processing thejoker.songdta_ps4...
			[437/524] Processing usblues.songdta_ps4...
			[438/524] Processing vivalagloria.songdta_ps4...
			[439/524] Processing policetruck.songdta_ps4...
			[440/524] Processing rebound.songdta_ps4...
			[441/524] Processing tempted.songdta_ps4...
			[442/524] Processing sliceofyourpie.songdta_ps4...
			[443/524] Processing ohprettywoman.songdta_ps4...
			[444/524] Processing loveaddict.songdta_ps4...
			[445/524] Processing siva.songdta_ps4...
			[446/524] Processing magicbuslive.songdta_ps4...
			[447/524] Processing ohyeah.songdta_ps4...
			[448/524] Processing reeducation.songdta_ps4...
			[449/524] Processing meandmygang.songdta_ps4...
			[450/524] Processing warriorsoftime.songdta_ps4...
			[451/524] Processing steelerlive.songdta_ps4...
			[452/524] Processing streetofdreams.songdta_ps4...
			[453/524] Processing speedofsound.songdta_ps4...
			[454/524] Processing throwingstones.songdta_ps4...
			[455/524] Processing poisonwasthecure.songdta_ps4...
			[456/524] Processing whoamiwhatsmyname.songdta_ps4...
			[457/524] Processing theanimal.songdta_ps4...
			[458/524] Processing stateofloveandtrustlive.songdta_ps4...
			[459/524] Processing therighteousandthewicked.songdta_ps4...
			[460/524] Processing school.songdta_ps4...
			[461/524] Processing weightless.songdta_ps4...
			[462/524] Processing weaponofchoice.songdta_ps4...
			[463/524] Processing youdontknowwhatloveis.songdta_ps4...
			[464/524] Processing polly.songdta_ps4...
			[465/524] Processing morethanmeetstheeye.songdta_ps4...
			[466/524] Processing workingman.songdta_ps4...
			[467/524] Processing ringoffire.songdta_ps4...
			[468/524] Processing synchronicity2.songdta_ps4...
			[469/524] Processing loveorconfusion.songdta_ps4...
			[470/524] Processing rockinamerica.songdta_ps4...
			[471/524] Processing meaningoflife.songdta_ps4...
			[472/524] Processing volcano.songdta_ps4...
			[473/524] Processing theregoesmygun.songdta_ps4...
			[474/524] Processing shescountry.songdta_ps4...
			[475/524] Processing realworld.songdta_ps4...
			[476/524] Processing sorry.songdta_ps4...
			[477/524] Processing smokin.songdta_ps4...
			[478/524] Processing mypoorbrain.songdta_ps4...
			[479/524] Processing thefeeling.songdta_ps4...
			[480/524] Processing outofline.songdta_ps4...
			[481/524] Processing naturaldisaster.songdta_ps4...
			[482/524] Processing warnerve.songdta_ps4...
			[483/524] Processing takeitontherun.songdta_ps4...
			[484/524] Processing rockrebellion.songdta_ps4...
			[485/524] Processing metalonmetal.songdta_ps4...
			[486/524] Processing snowheyoh.songdta_ps4...
			[487/524] Processing parasitelive.songdta_ps4...
			[488/524] Processing morehumanthanhuman.songdta_ps4...
			[489/524] Processing whatwasithinkin.songdta_ps4...
			[490/524] Processing wecarealot.songdta_ps4...
			[491/524] Processing medicate.songdta_ps4...
			[492/524] Processing wordforward.songdta_ps4...
			[493/524] Processing rocknrollhighschool.songdta_ps4...
			[494/524] Processing makesmewonder.songdta_ps4...
			[495/524] Processing promisedland.songdta_ps4...
			[496/524] Processing teenagelobotomy.songdta_ps4...
			[497/524] Processing monkeygonetoheaven.songdta_ps4...
			[498/524] Processing mountainman.songdta_ps4...
			[499/524] Processing nakedeye.songdta_ps4...
			[500/524] Processing riadnthebedouins.songdta_ps4...
			[501/524] Processing uparoundthebend.songdta_ps4...
			[502/524] Processing therunningfree.songdta_ps4...
			[503/524] Processing pain.songdta_ps4...
			[504/524] Processing snoopsupsideyahead.songdta_ps4...
			[505/524] Processing youregonnahearfromme.songdta_ps4...
			[506/524] Processing rollwiththechanges.songdta_ps4...
			[507/524] Processing worldgoround.songdta_ps4...
			[508/524] Processing woman.songdta_ps4...
			[509/524] Processing wakingthedemon.songdta_ps4...
			[510/524] Processing whoknew.songdta_ps4...
			[511/524] Processing madhouselive.songdta_ps4...
			[512/524] Processing sprode.songdta_ps4...
			[513/524] Processing sextypething.songdta_ps4...
			[514/524] Processing thegreatsoutherntrendkill.songdta_ps4...
			[515/524] Processing refugee.songdta_ps4...
			[516/524] Processing movingtoseattle.songdta_ps4...
			[517/524] Processing theclairvoyant.songdta_ps4...
			[518/524] Processing theragelive.songdta_ps4...
			[519/524] Processing mrbrightside.songdta_ps4...
			[520/524] Processing nearlylostyou.songdta_ps4...
			[521/524] Processing mastersoftheuniverse.songdta_ps4...
			[522/524] Processing whosyourdaddy.songdta_ps4...
			[523/524] Processing manicdepression.songdta_ps4...
			[524/524] Processing lucretia.songdta_ps4...
			Done. Extracted 524 songs.
			Writing to /workspace/rb4_temp/metadata_UP8802-CUSA02084_00-RBLEGACYDLCPASS2-A0000-V0100.json...
			Done!
		Extracted 524 songs
		[4/4] Cleaning up extraction files...
	✓ Done: UP8802-CUSA02084_00-RBLEGACYDLCPASS2-A0000-V0100.pkg
	Cleaned up UP8802-CUSA02084_00-RBLEGACYDLCPASS2-A0000-V0100.pkg to free space
Progress: 89% (88/98 PKGs) | Total songs: 3096
[89/98] Fetching: UP8802-CUSA02084_00-RBLEGACYDLCPASS3-A0000-V0100.pkg
[89/98] Processing: UP8802-CUSA02084_00-RBLEGACYDLCPASS3-A0000-V0100.pkg
		[1/4] Extracting: UP8802-CUSA02084_00-RBLEGACYDLCPASS3-A0000-V0100.pkg
		[2/4] Extracting PFS image...
		[3/4] Extracting song data from PFS...
			Extracting in parallel...
			Found 540 .songdta_ps4 files to process...
			[1/540] Processing unskinnybop.songdta_ps4...
			[2/540] Processing breaking.songdta_ps4...
			[3/540] Processing beforehecheats.songdta_ps4...
			[4/540] Processing angel2.songdta_ps4...
			[5/540] Processing rimeoftheancientmariner.songdta_ps4...
			[6/540] Processing helenwheels.songdta_ps4...
			[7/540] Processing lovewilltearusapart.songdta_ps4...
			[8/540] Processing blackmagicwoman.songdta_ps4...
			[9/540] Processing downunder.songdta_ps4...
			[10/540] Processing footloose.songdta_ps4...
			[11/540] Processing shout.songdta_ps4...
			[12/540] Processing keeponlovingyou.songdta_ps4...
			[13/540] Processing secondchance.songdta_ps4...
			[14/540] Processing mamatried2.songdta_ps4...
			[15/540] Processing mamaimcominghome.songdta_ps4...
			[16/540] Processing tyler.songdta_ps4...
			[17/540] Processing awarriorscall.songdta_ps4...
			[18/540] Processing control2.songdta_ps4...
			[19/540] Processing fixyou.songdta_ps4...
			[20/540] Processing blazeofglory.songdta_ps4...
			[21/540] Processing bully.songdta_ps4...
			[22/540] Processing thatshowcountryboysroll2.songdta_ps4...
			[23/540] Processing dontstop2.songdta_ps4...
			[24/540] Processing iwish.songdta_ps4...
			[25/540] Processing iwantanewdrug.songdta_ps4...
			[26/540] Processing donttakeyourguns.songdta_ps4...
			[27/540] Processing idontwannabeasoldier.songdta_ps4...
			[28/540] Processing edgeof17.songdta_ps4...
			[29/540] Processing workingfortheweekend.songdta_ps4...
			[30/540] Processing jimmyjazz.songdta_ps4...
			[31/540] Processing smallaxe.songdta_ps4...
			[32/540] Processing loveisabattlefield.songdta_ps4...
			[33/540] Processing badmedicine.songdta_ps4...
			[34/540] Processing thered.songdta_ps4...
			[35/540] Processing tragedy.songdta_ps4...
			[36/540] Processing silentlucidity.songdta_ps4...
			[37/540] Processing gloryoflove.songdta_ps4...
			[38/540] Processing peutetreuneangine.songdta_ps4...
			[39/540] Processing blowuptheoutsideworld.songdta_ps4...
			[40/540] Processing helenabeat.songdta_ps4...
			[41/540] Processing sofaraway.songdta_ps4...
			[42/540] Processing hypnotize.songdta_ps4...
			[43/540] Processing southsideofthesky.songdta_ps4...
			[44/540] Processing singlewhitefemale2.songdta_ps4...
			[45/540] Processing spillthewine.songdta_ps4...
			[46/540] Processing burninandlootin2.songdta_ps4...
			[47/540] Processing onthebacksofangels.songdta_ps4...
			[48/540] Processing thestroke.songdta_ps4...
			[49/540] Processing away.songdta_ps4...
			[50/540] Processing misery.songdta_ps4...
			[51/540] Processing standback.songdta_ps4...
			[52/540] Processing haveyoueverseen.songdta_ps4...
			[53/540] Processing walkthisway.songdta_ps4...
			[54/540] Processing tobewithyou.songdta_ps4...
			[55/540] Processing rosanna.songdta_ps4...
			[56/540] Processing wrongway.songdta_ps4...
			[57/540] Processing benddownlow.songdta_ps4...
			[58/540] Processing jerkitout.songdta_ps4...
			[59/540] Processing wrongemboyo.songdta_ps4...
			[60/540] Processing lookaround.songdta_ps4...
			[61/540] Processing heartofthesunrise.songdta_ps4...
			[62/540] Processing gimmesometruth.songdta_ps4...
			[63/540] Processing cantgetenoughofyoubaby.songdta_ps4...
			[64/540] Processing santeria.songdta_ps4...
			[65/540] Processing morethanwords.songdta_ps4...
			[66/540] Processing whosaysyoucantgohome.songdta_ps4...
			[67/540] Processing twang2.songdta_ps4...
			[68/540] Processing lawoman.songdta_ps4...
			[69/540] Processing bangyourhead.songdta_ps4...
			[70/540] Processing onevision2.songdta_ps4...
			[71/540] Processing californication.songdta_ps4...
			[72/540] Processing hammertofall.songdta_ps4...
			[73/540] Processing illbethereforyou.songdta_ps4...
			[74/540] Processing goldcobra.songdta_ps4...
			[75/540] Processing donttalktostrangers.songdta_ps4...
			[76/540] Processing weirdscience.songdta_ps4...
			[77/540] Processing startingover.songdta_ps4...
			[78/540] Processing imstillstanding.songdta_ps4...
			[79/540] Processing walk.songdta_ps4...
			[80/540] Processing privateeyes.songdta_ps4...
			[81/540] Processing happy.songdta_ps4...
			[82/540] Processing nureinwort.songdta_ps4...
			[83/540] Processing bombtrack.songdta_ps4...
			[84/540] Processing thestranger.songdta_ps4...
			[85/540] Processing theballadofirahayes.songdta_ps4...
			[86/540] Processing ibelieveinathingcalled.songdta_ps4...
			[87/540] Processing crawlingbacktoyou.songdta_ps4...
			[88/540] Processing airplanes.songdta_ps4...
			[89/540] Processing jivetalkin.songdta_ps4...
			[90/540] Processing doyoubelieveinlove.songdta_ps4...
			[91/540] Processing bytheway.songdta_ps4...
			[92/540] Processing waitingforagirl.songdta_ps4...
			[93/540] Processing billionaire.songdta_ps4...
			[94/540] Processing remedy.songdta_ps4...
			[95/540] Processing awfulbeautifullife2.songdta_ps4...
			[96/540] Processing doyoureallywanttohurtme.songdta_ps4...
			[97/540] Processing powerandthepassion.songdta_ps4...
			[98/540] Processing shadowoftheday.songdta_ps4...
			[99/540] Processing iwanttobreakfree2.songdta_ps4...
			[100/540] Processing theheartofrockandroll.songdta_ps4...
			[101/540] Processing howlinforyou.songdta_ps4...
			[102/540] Processing bicyclerace.songdta_ps4...
			[103/540] Processing rebellovesong.songdta_ps4...
			[104/540] Processing adolescents.songdta_ps4...
			[105/540] Processing americanpie.songdta_ps4...
			[106/540] Processing rapeme.songdta_ps4...
			[107/540] Processing fellonblackdays.songdta_ps4...
			[108/540] Processing teenangst.songdta_ps4...
			[109/540] Processing layyourhandsonme.songdta_ps4...
			[110/540] Processing loverollercoaster.songdta_ps4...
			[111/540] Processing flyinghighagain.songdta_ps4...
			[112/540] Processing lightningcrashes.songdta_ps4...
			[113/540] Processing thecrystalship.songdta_ps4...
			[114/540] Processing wontgohomewithoutyou.songdta_ps4...
			[115/540] Processing myownsummer.songdta_ps4...
			[116/540] Processing helloiloveyou.songdta_ps4...
			[117/540] Processing fireohio.songdta_ps4...
			[118/540] Processing brandnewcadillac.songdta_ps4...
			[119/540] Processing how.songdta_ps4...
			[120/540] Processing holdonloosely.songdta_ps4...
			[121/540] Processing jenny.songdta_ps4...
			[122/540] Processing loveshack.songdta_ps4...
			[123/540] Processing iwantyoutowantme.songdta_ps4...
			[124/540] Processing doyoufeellikewedo.songdta_ps4...
			[125/540] Processing shine.songdta_ps4...
			[126/540] Processing theprisoner.songdta_ps4...
			[127/540] Processing mrcrowley.songdta_ps4...
			[128/540] Processing fantasma2.songdta_ps4...
			[129/540] Processing soonerorlater.songdta_ps4...
			[130/540] Processing somuchtosay.songdta_ps4...
			[131/540] Processing iwanttoknowwhatloveis.songdta_ps4...
			[132/540] Processing scenesfromanitalian.songdta_ps4...
			[133/540] Processing fatlip.songdta_ps4...
			[134/540] Processing comedown.songdta_ps4...
			[135/540] Processing fivefeethighandrising.songdta_ps4...
			[136/540] Processing iwantitall2.songdta_ps4...
			[137/540] Processing miami2017.songdta_ps4...
			[138/540] Processing burningdownthehouse.songdta_ps4...
			[139/540] Processing aerials.songdta_ps4...
			[140/540] Processing stealaway.songdta_ps4...
			[141/540] Processing openmyeyes2.songdta_ps4...
			[142/540] Processing lovehurts.songdta_ps4...
			[143/540] Processing twoticketstoparadise.songdta_ps4...
			[144/540] Processing awhitershadeofpale.songdta_ps4...
			[145/540] Processing theonlytime.songdta_ps4...
			[146/540] Processing clocks.songdta_ps4...
			[147/540] Processing tubthumping.songdta_ps4...
			[148/540] Processing whenimgone.songdta_ps4...
			[149/540] Processing manofme2.songdta_ps4...
			[150/540] Processing tightenup.songdta_ps4...
			[151/540] Processing allalongthewatchtower.songdta_ps4...
			[152/540] Processing freakonaleash.songdta_ps4...
			[153/540] Processing personaljesus.songdta_ps4...
			[154/540] Processing mouthforwar.songdta_ps4...
			[155/540] Processing theshowmustgoon.songdta_ps4...
			[156/540] Processing fame.songdta_ps4...
			[157/540] Processing iwritesins.songdta_ps4...
			[158/540] Processing numb2.songdta_ps4...
			[159/540] Processing pleasedontleaveme.songdta_ps4...
			[160/540] Processing seasonsintheabyss.songdta_ps4...
			[161/540] Processing mercy.songdta_ps4...
			[162/540] Processing solonely.songdta_ps4...
			[163/540] Processing grenade.songdta_ps4...
			[164/540] Processing bringinontheheartbreak.songdta_ps4...
			[165/540] Processing whenyoureyoung.songdta_ps4...
			[166/540] Processing lithium.songdta_ps4...
			[167/540] Processing flightoficarus.songdta_ps4...
			[168/540] Processing always.songdta_ps4...
			[169/540] Processing cantgetenough.songdta_ps4...
			[170/540] Processing gotyouwhereiwantyou.songdta_ps4...
			[171/540] Processing phantomoftheopera.songdta_ps4...
			[172/540] Processing nightfever.songdta_ps4...
			[173/540] Processing neverletmedownagain.songdta_ps4...
			[174/540] Processing breath.songdta_ps4...
			[175/540] Processing staytogetherforthekids.songdta_ps4...
			[176/540] Processing smooth.songdta_ps4...
			[177/540] Processing walkfoo.songdta_ps4...
			[178/540] Processing freedom.songdta_ps4...
			[179/540] Processing ohlove.songdta_ps4...
			[180/540] Processing tweezer.songdta_ps4...
			[181/540] Processing rockthecasbah.songdta_ps4...
			[182/540] Processing dontletthesungodownonme.songdta_ps4...
			[183/540] Processing rustycage.songdta_ps4...
			[184/540] Processing londoncalling.songdta_ps4...
			[185/540] Processing frankenstein.songdta_ps4...
			[186/540] Processing weareyoung.songdta_ps4...
			[187/540] Processing 16candles.songdta_ps4...
			[188/540] Processing wishyouwerehere.songdta_ps4...
			[189/540] Processing bluemonday.songdta_ps4...
			[190/540] Processing thecardcheat.songdta_ps4...
			[191/540] Processing photograph2.songdta_ps4...
			[192/540] Processing undefeated.songdta_ps4...
			[193/540] Processing sirduke.songdta_ps4...
			[194/540] Processing sleepnowinthefire.songdta_ps4...
			[195/540] Processing thewickerman.songdta_ps4...
			[196/540] Processing shehatesme.songdta_ps4...
			[197/540] Processing stayinalive.songdta_ps4...
			[198/540] Processing upallnight.songdta_ps4...
			[199/540] Processing possumkingdom.songdta_ps4...
			[200/540] Processing revolutionrock.songdta_ps4...
			[201/540] Processing theweight.songdta_ps4...
			[202/540] Processing madeofscars.songdta_ps4...
			[203/540] Processing happyxmas.songdta_ps4...
			[204/540] Processing bornthisway.songdta_ps4...
			[205/540] Processing youthofthenation.songdta_ps4...
			[206/540] Processing therightprofile.songdta_ps4...
			[207/540] Processing playthegame.songdta_ps4...
			[208/540] Processing youknowyoureright.songdta_ps4...
			[209/540] Processing tennesseeflattopbox.songdta_ps4...
			[210/540] Processing fireandice.songdta_ps4...
			[211/540] Processing perfectday2.songdta_ps4...
			[212/540] Processing southofheaven.songdta_ps4...
			[213/540] Processing alliwannado.songdta_ps4...
			[214/540] Processing nosurprise.songdta_ps4...
			[215/540] Processing barkatthemoon.songdta_ps4...
			[216/540] Processing webelong.songdta_ps4...
			[217/540] Processing livelyupyourself2.songdta_ps4...
			[218/540] Processing ihateeverything.songdta_ps4...
			[219/540] Processing taintedlove.songdta_ps4...
			[220/540] Processing everybodysfool.songdta_ps4...
			[221/540] Processing rope.songdta_ps4...
			[222/540] Processing thenightthelightswentout2.songdta_ps4...
			[223/540] Processing barracuda.songdta_ps4...
			[224/540] Processing sanctified.songdta_ps4...
			[225/540] Processing imeltwithyou.songdta_ps4...
			[226/540] Processing whatigot.songdta_ps4...
			[227/540] Processing terriblelie.songdta_ps4...
			[228/540] Processing imalright.songdta_ps4...
			[229/540] Processing dropsofjupiter.songdta_ps4...
			[230/540] Processing higherground.songdta_ps4...
			[231/540] Processing brickbyboringbrick.songdta_ps4...
			[232/540] Processing feelinstronger.songdta_ps4...
			[233/540] Processing jessica.songdta_ps4...
			[234/540] Processing maneater2.songdta_ps4...
			[235/540] Processing shessomean.songdta_ps4...
			[236/540] Processing nobodysfool.songdta_ps4...
			[237/540] Processing sober.songdta_ps4...
			[238/540] Processing 2112pt2.songdta_ps4...
			[239/540] Processing iwalktheline.songdta_ps4...
			[240/540] Processing shetalkstoangels.songdta_ps4...
			[241/540] Processing freezeframe.songdta_ps4...
			[242/540] Processing undercoverofdarkness.songdta_ps4...
			[243/540] Processing ringoffire3.songdta_ps4...
			[244/540] Processing ohmylove.songdta_ps4...
			[245/540] Processing comeoneileen.songdta_ps4...
			[246/540] Processing kokakola.songdta_ps4...
			[247/540] Processing down2.songdta_ps4...
			[248/540] Processing legendarychild.songdta_ps4...
			[249/540] Processing unholyconfessions.songdta_ps4...
			[250/540] Processing ifyouleavemenow.songdta_ps4...
			[251/540] Processing screamaimfire.songdta_ps4...
			[252/540] Processing youngamericans.songdta_ps4...
			[253/540] Processing imnotdown.songdta_ps4...
			[254/540] Processing spanishbombs.songdta_ps4...
			[255/540] Processing jessiesgirl.songdta_ps4...
			[256/540] Processing musthavedonesomething.songdta_ps4...
			[257/540] Processing welcometothefamily.songdta_ps4...
			[258/540] Processing hashpipe.songdta_ps4...
			[259/540] Processing kidsinthestreet.songdta_ps4...
			[260/540] Processing theanthem.songdta_ps4...
			[261/540] Processing folsomprisonblues.songdta_ps4...
			[262/540] Processing onlythelonely.songdta_ps4...
			[263/540] Processing talkdirtytome.songdta_ps4...
			[264/540] Processing thegoodleftundone.songdta_ps4...
			[265/540] Processing wedidntstartthefire.songdta_ps4...
			[266/540] Processing atoutlemonde.songdta_ps4...
			[267/540] Processing onlythegooddieyoung.songdta_ps4...
			[268/540] Processing 2112full.songdta_ps4...
			[269/540] Processing killerqueen2.songdta_ps4...
			[270/540] Processing helena.songdta_ps4...
			[271/540] Processing longroadtoruin.songdta_ps4...
			[272/540] Processing sendthepainbelow.songdta_ps4...
			[273/540] Processing youmakemefeel.songdta_ps4...
			[274/540] Processing 2112pt3.songdta_ps4...
			[275/540] Processing sofaraway2.songdta_ps4...
			[276/540] Processing voodoochildlive.songdta_ps4...
			[277/540] Processing ijustdiedinyourarms.songdta_ps4...
			[278/540] Processing letmerollit.songdta_ps4...
			[279/540] Processing howfarwevecome.songdta_ps4...
			[280/540] Processing whativedone2.songdta_ps4...
			[281/540] Processing onlyone.songdta_ps4...
			[282/540] Processing thislove.songdta_ps4...
			[283/540] Processing everybodywantsyou.songdta_ps4...
			[284/540] Processing beautifuldisaster.songdta_ps4...
			[285/540] Processing marryyou.songdta_ps4...
			[286/540] Processing hateful.songdta_ps4...
			[287/540] Processing perfectsituation.songdta_ps4...
			[288/540] Processing everythingzen.songdta_ps4...
			[289/540] Processing pressure.songdta_ps4...
			[290/540] Processing urgent.songdta_ps4...
			[291/540] Processing childintime.songdta_ps4...
			[292/540] Processing crazytown2.songdta_ps4...
			[293/540] Processing alone.songdta_ps4...
			[294/540] Processing antsmarching.songdta_ps4...
			[295/540] Processing rudiecantfail.songdta_ps4...
			[296/540] Processing poursomesugarlive.songdta_ps4...
			[297/540] Processing jealousguy.songdta_ps4...
			[298/540] Processing dreampolice.songdta_ps4...
			[299/540] Processing iwillpossessyourheart.songdta_ps4...
			[300/540] Processing angryyoungman.songdta_ps4...
			[301/540] Processing bandontherun.songdta_ps4...
			[302/540] Processing fireflies.songdta_ps4...
			[303/540] Processing kingofrock.songdta_ps4...
			[304/540] Processing soulkitchen.songdta_ps4...
			[305/540] Processing kissagirl2.songdta_ps4...
			[306/540] Processing lostinthesupermarket.songdta_ps4...
			[307/540] Processing everyteardrop.songdta_ps4...
			[308/540] Processing landslide.songdta_ps4...
			[309/540] Processing amber.songdta_ps4...
			[310/540] Processing ghostofperdition.songdta_ps4...
			[311/540] Processing oncebittentwiceshy.songdta_ps4...
			[312/540] Processing cominginfromthecold.songdta_ps4...
			[313/540] Processing cowboycasanova.songdta_ps4...
			[314/540] Processing youremybestfriend.songdta_ps4...
			[315/540] Processing rainingblood.songdta_ps4...
			[316/540] Processing santamonica.songdta_ps4...
			[317/540] Processing raiseyourglass.songdta_ps4...
			[318/540] Processing everyrosehasitsthorn.songdta_ps4...
			[319/540] Processing manonthemoon.songdta_ps4...
			[320/540] Processing igotstripes.songdta_ps4...
			[321/540] Processing captainjack.songdta_ps4...
			[322/540] Processing spinningwheel.songdta_ps4...
			[323/540] Processing movinout.songdta_ps4...
			[324/540] Processing killinginthename.songdta_ps4...
			[325/540] Processing youshouldbedancing.songdta_ps4...
			[326/540] Processing ridersonthestorm.songdta_ps4...
			[327/540] Processing waitandbleed.songdta_ps4...
			[328/540] Processing rumine.songdta_ps4...
			[329/540] Processing animallive2.songdta_ps4...
			[330/540] Processing heartshapedbox.songdta_ps4...
			[331/540] Processing lovehermadly.songdta_ps4...
			[332/540] Processing whatyouwant.songdta_ps4...
			[333/540] Processing nomoretrouble.songdta_ps4...
			[334/540] Processing symphonyofdestruction.songdta_ps4...
			[335/540] Processing lodi.songdta_ps4...
			[336/540] Processing hotblooded.songdta_ps4...
			[337/540] Processing dontknowwhatyougot.songdta_ps4...
			[338/540] Processing dreamonlive.songdta_ps4...
			[339/540] Processing iminlovewithmycar.songdta_ps4...
			[340/540] Processing vivalavida.songdta_ps4...
			[341/540] Processing stash.songdta_ps4...
			[342/540] Processing shadowsofthenight.songdta_ps4...
			[343/540] Processing someday.songdta_ps4...
			[344/540] Processing nightsonbroadway.songdta_ps4...
			[345/540] Processing cold.songdta_ps4...
			[346/540] Processing backinthesaddle.songdta_ps4...
			[347/540] Processing leftbehind.songdta_ps4...
			[348/540] Processing verdamplangher.songdta_ps4...
			[349/540] Processing snuff.songdta_ps4...
			[350/540] Processing gonzo.songdta_ps4...
			[351/540] Processing scartissue.songdta_ps4...
			[352/540] Processing needyounow.songdta_ps4...
			[353/540] Processing whatsyourname.songdta_ps4...
			[354/540] Processing rhiannon.songdta_ps4...
			[355/540] Processing rideadkins2.songdta_ps4...
			[356/540] Processing thedayitriedtolive.songdta_ps4...
			[357/540] Processing tuesdaysgone.songdta_ps4...
			[358/540] Processing shepherdoffire.songdta_ps4...
			[359/540] Processing fallingawayfromme.songdta_ps4...
			[360/540] Processing animals.songdta_ps4...
			[361/540] Processing caravan.songdta_ps4...
			[362/540] Processing turningjapanese.songdta_ps4...
			[363/540] Processing closer2.songdta_ps4...
			[364/540] Processing thismeanswar.songdta_ps4...
			[365/540] Processing wewerentborn.songdta_ps4...
			[366/540] Processing igotoextremes.songdta_ps4...
			[367/540] Processing breakingthehabit.songdta_ps4...
			[368/540] Processing untiltheend.songdta_ps4...
			[369/540] Processing pianoman.songdta_ps4...
			[370/540] Processing crawlinginthedark.songdta_ps4...
			[371/540] Processing giddyonup2.songdta_ps4...
			[372/540] Processing makemesmile2.songdta_ps4...
			[373/540] Processing jungleboogie.songdta_ps4...
			[374/540] Processing longaway.songdta_ps4...
			[375/540] Processing nothinbutagoodtime.songdta_ps4...
			[376/540] Processing funhouse.songdta_ps4...
			[377/540] Processing sevenseasofrhye.songdta_ps4...
			[378/540] Processing headoverheels.songdta_ps4...
			[379/540] Processing radiogaga.songdta_ps4...
			[380/540] Processing sayyoullhauntme.songdta_ps4...
			[381/540] Processing fromoutofnowhere2.songdta_ps4...
			[382/540] Processing somethingfromnothing.songdta_ps4...
			[383/540] Processing satellite.songdta_ps4...
			[384/540] Processing everybreathyoutake.songdta_ps4...
			[385/540] Processing maybeimamazed.songdta_ps4...
			[386/540] Processing backwoods2.songdta_ps4...
			[387/540] Processing crawling2.songdta_ps4...
			[388/540] Processing publicenemyno1.songdta_ps4...
			[389/540] Processing helpisontheway.songdta_ps4...
			[390/540] Processing wereanamericanband.songdta_ps4...
			[391/540] Processing unbelievable.songdta_ps4...
			[392/540] Processing livingforthecity.songdta_ps4...
			[393/540] Processing forwhatitsworth.songdta_ps4...
			[394/540] Processing rainisagoodthing2.songdta_ps4...
			[395/540] Processing boom.songdta_ps4...
			[396/540] Processing moveslikejagger.songdta_ps4...
			[397/540] Processing sexandcandy.songdta_ps4...
			[398/540] Processing proibito.songdta_ps4...
			[399/540] Processing totaleclipse.songdta_ps4...
			[400/540] Processing pulseofthemaggots.songdta_ps4...
			[401/540] Processing newdivide.songdta_ps4...
			[402/540] Processing pressure2.songdta_ps4...
			[403/540] Processing tearsdontfall.songdta_ps4...
			[404/540] Processing whatdoesntkillyou2.songdta_ps4...
			[405/540] Processing animalihavebecome.songdta_ps4...
			[406/540] Processing starshiptrooper.songdta_ps4...
			[407/540] Processing iftodaywasyourlastday.songdta_ps4...
			[408/540] Processing relax.songdta_ps4...
			[409/540] Processing stackedactors.songdta_ps4...
			[410/540] Processing webuiltthiscity.songdta_ps4...
			[411/540] Processing promisesinthedark.songdta_ps4...
			[412/540] Processing burnitdown.songdta_ps4...
			[413/540] Processing lonelyboy.songdta_ps4...
			[414/540] Processing keepyourselfalive.songdta_ps4...
			[415/540] Processing dreambaby.songdta_ps4...
			[416/540] Processing seventhson.songdta_ps4...
			[417/540] Processing rearranged.songdta_ps4...
			[418/540] Processing touchme.songdta_ps4...
			[419/540] Processing raindancemaggie.songdta_ps4...
			[420/540] Processing loversrock.songdta_ps4...
			[421/540] Processing somebodytolove2.songdta_ps4...
			[422/540] Processing rizeofthefenix.songdta_ps4...
			[423/540] Processing runaway.songdta_ps4...
			[424/540] Processing theadventure.songdta_ps4...
			[425/540] Processing myway2.songdta_ps4...
			[426/540] Processing imbroken.songdta_ps4...
			[427/540] Processing shelterme.songdta_ps4...
			[428/540] Processing dontyouwantme.songdta_ps4...
			[429/540] Processing alright2.songdta_ps4...
			[430/540] Processing dreams.songdta_ps4...
			[431/540] Processing nevergonnagiveyouup.songdta_ps4...
			[432/540] Processing machinehead.songdta_ps4...
			[433/540] Processing saygoodbyetohollywood.songdta_ps4...
			[434/540] Processing nosleeptillbrooklyn.songdta_ps4...
			[435/540] Processing tenementfunster.songdta_ps4...
			[436/540] Processing thearmsofsorrow.songdta_ps4...
			[437/540] Processing takeonme.songdta_ps4...
			[438/540] Processing makesomenoise.songdta_ps4...
			[439/540] Processing facetothefloor.songdta_ps4...
			[440/540] Processing yellow.songdta_ps4...
			[441/540] Processing thelocomotion.songdta_ps4...
			[442/540] Processing thegoodlife.songdta_ps4...
			[443/540] Processing kaya.songdta_ps4...
			[444/540] Processing bluejean.songdta_ps4...
			[445/540] Processing citiesindust.songdta_ps4...
			[446/540] Processing youmayberight.songdta_ps4...
			[447/540] Processing thepartysong.songdta_ps4...
			[448/540] Processing tellmesomethinggood.songdta_ps4...
			[449/540] Processing ohyoko.songdta_ps4...
			[450/540] Processing loveralot.songdta_ps4...
			[451/540] Processing nookie2.songdta_ps4...
			[452/540] Processing allapologies.songdta_ps4...
			[453/540] Processing throughglass.songdta_ps4...
			[454/540] Processing yourbetrayal.songdta_ps4...
			[455/540] Processing livingdeadgirl.songdta_ps4...
			[456/540] Processing sideways2.songdta_ps4...
			[457/540] Processing backtotheshack.songdta_ps4...
			[458/540] Processing thembellyfull.songdta_ps4...
			[459/540] Processing mybody.songdta_ps4...
			[460/540] Processing policyoftruth.songdta_ps4...
			[461/540] Processing underpressure2.songdta_ps4...
			[462/540] Processing bent.songdta_ps4...
			[463/540] Processing forever2.songdta_ps4...
			[464/540] Processing modernlove.songdta_ps4...
			[465/540] Processing audienceofone.songdta_ps4...
			[466/540] Processing rockandrollallnitelive.songdta_ps4...
			[467/540] Processing golddustwoman.songdta_ps4...
			[468/540] Processing howdoyousleep.songdta_ps4...
			[469/540] Processing notagain.songdta_ps4...
			[470/540] Processing ignorance.songdta_ps4...
			[471/540] Processing shootingthemoon.songdta_ps4...
			[472/540] Processing callmemaybe.songdta_ps4...
			[473/540] Processing dontstopmenow.songdta_ps4...
			[474/540] Processing herewithoutyou.songdta_ps4...
			[475/540] Processing appetiterbn.songdta_ps4...
			[476/540] Processing thespiritofradiolive.songdta_ps4...
			[477/540] Processing 5minutesalone.songdta_ps4...
			[478/540] Processing amaranth.songdta_ps4...
			[479/540] Processing 2112pt1.songdta_ps4...
			[480/540] Processing headlikeahole.songdta_ps4...
			[481/540] Processing hardrockhallelujah.songdta_ps4...
			[482/540] Processing haveaniceday.songdta_ps4...
			[483/540] Processing longhotsummernight.songdta_ps4...
			[484/540] Processing shesalwaysawoman.songdta_ps4...
			[485/540] Processing loveme2x.songdta_ps4...
			[486/540] Processing fourhorsemen.songdta_ps4...
			[487/540] Processing flybynight.songdta_ps4...
			[488/540] Processing thesedaysfoo.songdta_ps4...
			[489/540] Processing nowimhere.songdta_ps4...
			[490/540] Processing justthewayyouare.songdta_ps4...
			[491/540] Processing pumpedupkicks.songdta_ps4...
			[492/540] Processing oneweek.songdta_ps4...
			[493/540] Processing settlin2.songdta_ps4...
			[494/540] Processing thegunsofbrixton.songdta_ps4...
			[495/540] Processing theendofheartache.songdta_ps4...
			[496/540] Processing teenagers.songdta_ps4...
			[497/540] Processing bigbangbaby.songdta_ps4...
			[498/540] Processing somebodytoloveairplane.songdta_ps4...
			[499/540] Processing tonighttonight.songdta_ps4...
			[500/540] Processing idontknow.songdta_ps4...
			[501/540] Processing theentertainer.songdta_ps4...
			[502/540] Processing clampdown.songdta_ps4...
			[503/540] Processing bloodandthunder.songdta_ps4...
			[504/540] Processing roadhouseblues.songdta_ps4...
			[505/540] Processing meandbobbymcgee.songdta_ps4...
			[506/540] Processing thethrillisgone.songdta_ps4...
			[507/540] Processing thescientist.songdta_ps4...
			[508/540] Processing startingtoappreciate.songdta_ps4...
			[509/540] Processing lightmyfire.songdta_ps4...
			[510/540] Processing obsession.songdta_ps4...
			[511/540] Processing howyouremindme.songdta_ps4...
			[512/540] Processing throughthefireandflames.songdta_ps4...
			[513/540] Processing saturdaynightspecial.songdta_ps4...
			[514/540] Processing whycantwebefriends.songdta_ps4...
			[515/540] Processing mylife.songdta_ps4...
			[516/540] Processing somewhereibelong2.songdta_ps4...
			[517/540] Processing ialone.songdta_ps4...
			[518/540] Processing thunderkiss65.songdta_ps4...
			[519/540] Processing lovegame.songdta_ps4...
			[520/540] Processing thebitchisback.songdta_ps4...
			[521/540] Processing sometimessalvation.songdta_ps4...
			[522/540] Processing thnksfrthmmrs.songdta_ps4...
			[523/540] Processing blurry.songdta_ps4...
			[524/540] Processing freakshowrbn.songdta_ps4...
			[525/540] Processing rockofages.songdta_ps4...
			[526/540] Processing icantgoforthat.songdta_ps4...
			[527/540] Processing theonlyexception.songdta_ps4...
			[528/540] Processing dontfeellikethatrbn.songdta_ps4...
			[529/540] Processing burdeninmyhand.songdta_ps4...
			[530/540] Processing alittlerespect.songdta_ps4...
			[531/540] Processing driveincu.songdta_ps4...
			[532/540] Processing getthepartystarted.songdta_ps4...
			[533/540] Processing monarchyofroses.songdta_ps4...
			[534/540] Processing sing.songdta_ps4...
			[535/540] Processing goodgirl.songdta_ps4...
			[536/540] Processing freeride.songdta_ps4...
			[537/540] Processing gypsyeyes.songdta_ps4...
			[538/540] Processing waitingfortheend.songdta_ps4...
			[539/540] Processing bluebayou.songdta_ps4...
			[540/540] Processing bigshot.songdta_ps4...
			Done. Extracted 540 songs.
			Writing to /workspace/rb4_temp/metadata_UP8802-CUSA02084_00-RBLEGACYDLCPASS3-A0000-V0100.json...
			Done!
		Extracted 540 songs
		[4/4] Cleaning up extraction files...
	✓ Done: UP8802-CUSA02084_00-RBLEGACYDLCPASS3-A0000-V0100.pkg
	Cleaned up UP8802-CUSA02084_00-RBLEGACYDLCPASS3-A0000-V0100.pkg to free space
Progress: 90% (89/98 PKGs) | Total songs: 3636
[90/98] Fetching: UP8802-CUSA02084_00-RCT3SOUNDTRACK01.pkg
[90/98] Processing: UP8802-CUSA02084_00-RCT3SOUNDTRACK01.pkg
		[1/4] Extracting: UP8802-CUSA02084_00-RCT3SOUNDTRACK01.pkg
		[2/4] Extracting PFS image...
		[3/4] Extracting song data from PFS...
			Extracting in parallel...
			Found 2 .songdta_ps4 files to process...
			[1/2] Processing cu_rct3_gothic_moon.songdta_ps4...
			[2/2] Processing cu_rct3-fhf.songdta_ps4...
			Done. Extracted 2 songs.
			Writing to /workspace/rb4_temp/metadata_UP8802-CUSA02084_00-RCT3SOUNDTRACK01.json...
			Done!
		Extracted 2 songs
		[4/4] Cleaning up extraction files...
	✓ Done: UP8802-CUSA02084_00-RCT3SOUNDTRACK01.pkg
	Cleaned up UP8802-CUSA02084_00-RCT3SOUNDTRACK01.pkg to free space
Progress: 91% (90/98 PKGs) | Total songs: 3638
[91/98] Fetching: UP8802-CUSA02084_00-SEETHER000000001.pkg
[91/98] Processing: UP8802-CUSA02084_00-SEETHER000000001.pkg
		[1/4] Extracting: UP8802-CUSA02084_00-SEETHER000000001.pkg
		[2/4] Extracting PFS image...
		[3/4] Extracting song data from PFS...
			Extracting in parallel...
			Found 1 .songdta_ps4 files to process...
			[1/1] Processing cu_seether_carelesswhisper.songdta_ps4...
			Done. Extracted 1 songs.
			Writing to /workspace/rb4_temp/metadata_UP8802-CUSA02084_00-SEETHER000000001.json...
			Done!
		Extracted 1 songs
		[4/4] Cleaning up extraction files...
	✓ Done: UP8802-CUSA02084_00-SEETHER000000001.pkg
	Cleaned up UP8802-CUSA02084_00-SEETHER000000001.pkg to free space
Progress: 92% (91/98 PKGs) | Total songs: 3639
[92/98] Fetching: UP8802-CUSA02084_00-SKY0000000000001.pkg
[92/98] Processing: UP8802-CUSA02084_00-SKY0000000000001.pkg
		[1/4] Extracting: UP8802-CUSA02084_00-SKY0000000000001.pkg
		[2/4] Extracting PFS image...
		[3/4] Extracting song data from PFS...
			Extracting in parallel...
			Found 1 .songdta_ps4 files to process...
			[1/1] Processing cu_o424618085_somekindawonder.songdta_ps4...
			Done. Extracted 1 songs.
			Writing to /workspace/rb4_temp/metadata_UP8802-CUSA02084_00-SKY0000000000001.json...
			Done!
		Extracted 1 songs
		[4/4] Cleaning up extraction files...
	✓ Done: UP8802-CUSA02084_00-SKY0000000000001.pkg
	Cleaned up UP8802-CUSA02084_00-SKY0000000000001.pkg to free space
Progress: 93% (92/98 PKGs) | Total songs: 3640
[93/98] Fetching: UP8802-CUSA02084_00-THEBOYS000000001.pkg
[93/98] Processing: UP8802-CUSA02084_00-THEBOYS000000001.pkg
		[1/4] Extracting: UP8802-CUSA02084_00-THEBOYS000000001.pkg
		[2/4] Extracting PFS image...
		[3/4] Extracting song data from PFS...
			Extracting in parallel...
			Found 1 .songdta_ps4 files to process...
			[1/1] Processing cu_theboys_greengang.songdta_ps4...
			Done. Extracted 1 songs.
			Writing to /workspace/rb4_temp/metadata_UP8802-CUSA02084_00-THEBOYS000000001.json...
			Done!
		Extracted 1 songs
		[4/4] Cleaning up extraction files...
	✓ Done: UP8802-CUSA02084_00-THEBOYS000000001.pkg
	Cleaned up UP8802-CUSA02084_00-THEBOYS000000001.pkg to free space
Progress: 94% (93/98 PKGs) | Total songs: 3641
[94/98] Fetching: UP8802-CUSA02084_00-THEECURENOTINRB4.pkg
[94/98] Processing: UP8802-CUSA02084_00-THEECURENOTINRB4.pkg
		[1/4] Extracting: UP8802-CUSA02084_00-THEECURENOTINRB4.pkg
		[2/4] Extracting PFS image...
		[3/4] Extracting song data from PFS...
			Extracting in parallel...
			Found 35 .songdta_ps4 files to process...
			[1/35] Processing curefascinationstreet.songdta_ps4...
			[2/35] Processing thecureclosetome.songdta_ps4...
			[3/35] Processing grubcurebighand.songdta_ps4...
			[4/35] Processing grubcureclosedown.songdta_ps4...
			[5/35] Processing cure_lgtb.songdta_ps4...
			[6/35] Processing grubcurejset.songdta_ps4...
			[7/35] Processing anightlikethis.songdta_ps4...
			[8/35] Processing thecaterpillarv2.songdta_ps4...
			[9/35] Processing cure_thewalk.songdta_ps4...
			[10/35] Processing grubcurehomesick.songdta_ps4...
			[11/35] Processing lullaby.songdta_ps4...
			[12/35] Processing samedeepwater.songdta_ps4...
			[13/35] Processing grub-cure-catchv1.songdta_ps4...
			[14/35] Processing thelovecats.songdta_ps4...
			[15/35] Processing grubcure1015.songdta_ps4...
			[16/35] Processing disintegration.songdta_ps4...
			[17/35] Processing inbetweendaysv2.songdta_ps4...
			[18/35] Processing grubcureobject.songdta_ps4...
			[19/35] Processing want.songdta_ps4...
			[20/35] Processing thehanginggarden.songdta_ps4...
			[21/35] Processing lastdance.songdta_ps4...
			[22/35] Processing picturesofyou.songdta_ps4...
			[23/35] Processing push.songdta_ps4...
			[24/35] Processing thecure100years.songdta_ps4...
			[25/35] Processing boysdontcry.songdta_ps4...
			[26/35] Processing plainsong.songdta_ps4...
			[27/35] Processing thecureaforest.songdta_ps4...
			[28/35] Processing sixdifferentways_pvh.songdta_ps4...
			[29/35] Processing grubcurepfr.songdta_ps4...
			[30/35] Processing untitled.songdta_ps4...
			[31/35] Processing thecuretheblood.songdta_ps4...
			[32/35] Processing thecurehothothot.songdta_ps4...
			[33/35] Processing grubcuresinking.songdta_ps4...
			[34/35] Processing grubcurecockatoos.songdta_ps4...
			[35/35] Processing grubcuretibv1.songdta_ps4...
			Done. Extracted 35 songs.
			Writing to /workspace/rb4_temp/metadata_UP8802-CUSA02084_00-THEECURENOTINRB4.json...
			Done!
		Extracted 35 songs
		[4/4] Cleaning up extraction files...
	✓ Done: UP8802-CUSA02084_00-THEECURENOTINRB4.pkg
	Cleaned up UP8802-CUSA02084_00-THEECURENOTINRB4.pkg to free space
Progress: 95% (94/98 PKGs) | Total songs: 3676
[95/98] Fetching: UP8802-CUSA02084_00-THETOONOSAURS001.pkg
[95/98] Processing: UP8802-CUSA02084_00-THETOONOSAURS001.pkg
		[1/4] Extracting: UP8802-CUSA02084_00-THETOONOSAURS001.pkg
		[2/4] Extracting PFS image...
		[3/4] Extracting song data from PFS...
			Extracting in parallel...
			Found 1 .songdta_ps4 files to process...
			[1/1] Processing cu_o747684411_spidermanthemet.songdta_ps4...
			Done. Extracted 1 songs.
			Writing to /workspace/rb4_temp/metadata_UP8802-CUSA02084_00-THETOONOSAURS001.json...
			Done!
		Extracted 1 songs
		[4/4] Cleaning up extraction files...
	✓ Done: UP8802-CUSA02084_00-THETOONOSAURS001.pkg
	Cleaned up UP8802-CUSA02084_00-THETOONOSAURS001.pkg to free space
Progress: 96% (95/98 PKGs) | Total songs: 3677
[96/98] Fetching: UP8802-CUSA02084_00-TOXICXETERNITY01.pkg
[96/98] Processing: UP8802-CUSA02084_00-TOXICXETERNITY01.pkg
		[1/4] Extracting: UP8802-CUSA02084_00-TOXICXETERNITY01.pkg
		[2/4] Extracting PFS image...
		[3/4] Extracting song data from PFS...
			Extracting in parallel...
			Found 1 .songdta_ps4 files to process...
			[1/1] Processing cu_toxicxeternity_gl.songdta_ps4...
			Done. Extracted 1 songs.
			Writing to /workspace/rb4_temp/metadata_UP8802-CUSA02084_00-TOXICXETERNITY01.json...
			Done!
		Extracted 1 songs
		[4/4] Cleaning up extraction files...
	✓ Done: UP8802-CUSA02084_00-TOXICXETERNITY01.pkg
	Cleaned up UP8802-CUSA02084_00-TOXICXETERNITY01.pkg to free space
Progress: 97% (96/98 PKGs) | Total songs: 3678
[97/98] Fetching: UP8802-CUSA02084_00-UNEXPORTABLEPORT-A0000-V0100.pkg
[97/98] Processing: UP8802-CUSA02084_00-UNEXPORTABLEPORT-A0000-V0100.pkg
		[1/4] Extracting: UP8802-CUSA02084_00-UNEXPORTABLEPORT-A0000-V0100.pkg
		[2/4] Extracting PFS image...
		[3/4] Extracting song data from PFS...
			Extracting in parallel...
			Found 8 .songdta_ps4 files to process...
			[1/8] Processing paranoid.songdta_ps4...
			[2/8] Processing parrtyintheusa.songdta_ps4...
			[3/8] Processing rbnmegamix01.songdta_ps4...
			[4/8] Processing letthereberock.songdta_ps4...
			[5/8] Processing runtothehills.songdta_ps4...
			[6/8] Processing entersandman.songdta_ps4...
			[7/8] Processing anywayyouwantit.songdta_ps4...
			[8/8] Processing battery.songdta_ps4...
			Done. Extracted 8 songs.
			Writing to /workspace/rb4_temp/metadata_UP8802-CUSA02084_00-UNEXPORTABLEPORT-A0000-V0100.json...
			Done!
		Extracted 8 songs
		[4/4] Cleaning up extraction files...
	✓ Done: UP8802-CUSA02084_00-UNEXPORTABLEPORT-A0000-V0100.pkg
	Cleaned up UP8802-CUSA02084_00-UNEXPORTABLEPORT-A0000-V0100.pkg to free space
Progress: 98% (97/98 PKGs) | Total songs: 3686
[98/98] Fetching: UP8802-CUSA02084_00-VANHALEN00000001.pkg
[98/98] Processing: UP8802-CUSA02084_00-VANHALEN00000001.pkg
		[1/4] Extracting: UP8802-CUSA02084_00-VANHALEN00000001.pkg
		[2/4] Extracting PFS image...
		[3/4] Extracting song data from PFS...
			Extracting in parallel...
			Found 7 .songdta_ps4 files to process...
			[1/7] Processing cu_dreams1x.songdta_ps4...
			[2/7] Processing cu_jumpvh.songdta_ps4...
			[3/7] Processing cu_o279151207_respectthewind.songdta_ps4...
			[4/7] Processing cu_youreallygotme.songdta_ps4...
			[5/7] Processing cu_fwm_humansbeingv11x.songdta_ps4...
			[6/7] Processing cu_whenitslove.songdta_ps4...
			[7/7] Processing cu_eruption.songdta_ps4...
			Done. Extracted 7 songs.
			Writing to /workspace/rb4_temp/metadata_UP8802-CUSA02084_00-VANHALEN00000001.json...
			Done!
		Extracted 7 songs
		[4/4] Cleaning up extraction files...
	✓ Done: UP8802-CUSA02084_00-VANHALEN00000001.pkg
	Cleaned up UP8802-CUSA02084_00-VANHALEN00000001.pkg to free space
Progress: 100% (98/98 PKGs) | Total songs: 3693

Extracted 3693 songs from 98 PKGs
Filtered out 5 garbage entries
Saved 5 empty songs (unparseable metadata) to: /workspace/RB4/empty_songs.json
Recorded 3688 new songs in update history
Written: /workspace/RB4/rb4_custom_songs.json

⚠️  Songs with durationMs=0: 461

Generating song lists...

✅ Pipeline complete!
Processed PKGs saved to: /workspace/RB4/processed_pkgs.json
